,date,ggsearch,facebook,display,promotion,day,month,leads_n,days_considered,considered_leads_n,days_purchase,purchase_leads,time_to_purchase,purchase_leads_fur
0,2022-02-04,2424.34,200.72,284,0,Friday,February,1,0.0,0.0,0.0,0.0,0.0,0.0
1,2022-02-05,2110.07,407.44,194,0,Saturday,February,8,0.0,0.0,0.0,0.0,0.0,0.0
2,2022-02-06,2091.32,395.24,247,0,Sunday,February,4,0.0,0.0,0.0,0.0,0.0,0.0
3,2022-02-07,2867.82,415.98,211,0,Monday,February,21,0.0,0.0,0.0,0.0,66.0,1.0
4,2022-02-08,2569.72,433.87,283,0,Tuesday,February,17,0.0,0.0,0.0,0.0,0.0,0.0
5,2022-02-09,2808.94,427.29,135,0,Wednesday,February,19,1.0,2.0,0.0,0.0,222.0,1.0
6,2022-02-10,2728.04,425.3,281,0,Thursday,February,18,0.0,0.0,0.0,0.0,0.0,0.0
7,2022-02-11,2477.71,434.02,200,0,Friday,February,15,0.0,0.0,0.0,0.0,81.0,1.0
8,2022-02-12,1789.4,419.92,263,0,Saturday,February,10,0.0,0.0,0.0,0.0,0.0,0.0
9,2022-02-13,1983.92,400.09,175,0,Sunday,February,8,0.0,0.0,0.0,0.0,0.0,0.0
10,2022-02-14,2740.64,382.66,276,0,Monday,February,26,3.0,1.0,0.0,0.0,204.0,1.0
11,2022-02-15,2988.91,401.89,149,0,Tuesday,February,25,0.0,0.0,0.0,0.0,65.0,1.0
12,2022-02-16,2815.51,407.65,294,0,Wednesday,February,26,1.0,1.0,0.0,0.0,105.0,1.0
13,2022-02-17,3201.54,423.01,238,0,Thursday,February,28,0.0,1.0,0.0,0.0,119.5,2.0
14,2022-02-18,3073.97,409.3,166,0,Friday,February,23,1.0,1.0,0.0,0.0,0.0,0.0
15,2022-02-19,2225.89,390.89,289,0,Saturday,February,9,0.0,0.0,0.0,0.0,0.0,0.0
16,2022-02-20,2383.54,388.24,191,0,Sunday,February,7,0.0,0.0,0.0,0.0,0.0,0.0
17,2022-02-21,3321.54,418.16,252,0,Monday,February,33,7.0,1.0,0.0,0.0,126.0,1.0
18,2022-02-22,3317.09,406.36,216,0,Tuesday,February,31,0.0,0.0,0.0,0.0,0.0,0.0
19,2022-02-23,4617.53,386.39,289,0,Wednesday,February,25,3.5,2.0,0.0,0.0,97.66666666666667,3.0
20,2022-02-24,4136.68,400.61,138,0,Thursday,February,24,1.0,1.0,0.0,0.0,0.0,0.0
21,2022-02-25,4259.76,425.46,280,0,Friday,February,33,4.0,1.0,0.0,0.0,0.0,0.0
22,2022-02-26,2084.06,419.07,205,0,Saturday,February,8,0.0,0.0,0.0,0.0,0.0,0.0
23,2022-02-27,1718.49,390.53,272,0,Sunday,February,7,0.0,0.0,0.0,0.0,0.0,0.0
24,2022-02-28,1496.21,389.91,181,0,Monday,February,16,0.0,1.0,0.0,0.0,147.0,1.0
25,2022-03-01,3021.78,340.89,294,0,Tuesday,March,17,0.0,0.0,0.0,0.0,0.0,0.0
26,2022-03-02,3827.34,325.0,155,0,Wednesday,March,14,0.0,0.0,0.0,0.0,0.0,0.0
27,2022-03-03,3127.08,325.46,300,0,Thursday,March,14,8.0,1.0,0.0,0.0,0.0,0.0
28,2022-03-04,2936.35,335.58,234,0,Friday,March,21,0.0,0.0,0.0,0.0,0.0,0.0
29,2022-03-05,2289.9,335.79,161,0,Saturday,March,6,0.0,0.0,0.0,0.0,0.0,0.0
30,2022-03-06,2257.05,327.12,285,0,Sunday,March,8,0.0,0.0,0.0,0.0,0.0,0.0
31,2022-03-07,2889.46,302.0,193,0,Monday,March,24,0.0,0.0,0.0,0.0,0.0,0.0
32,2022-03-08,2770.3,310.24,246,0,Tuesday,March,21,0.0,0.0,0.0,0.0,0.0,0.0
33,2022-03-09,2786.26,312.42,210,0,Wednesday,March,23,0.0,0.0,0.0,0.0,0.0,0.0
34,2022-03-10,2706.39,332.72,282,0,Thursday,March,22,0.0,0.0,0.0,0.0,0.0,0.0
35,2022-03-11,2779.33,325.38,134,0,Friday,March,13,0.0,0.0,0.0,0.0,0.0,0.0
36,2022-03-12,2411.61,323.09,282,0,Saturday,March,10,0.0,0.0,0.0,0.0,0.0,0.0
37,2022-03-13,2430.88,305.42,199,0,Sunday,March,10,0.0,0.0,0.0,0.0,0.0,0.0
38,2022-03-14,2747.92,315.38,262,0,Monday,March,27,0.0,0.0,0.0,0.0,440.0,2.0
39,2022-03-15,2802.53,340.94,174,0,Tuesday,March,33,0.0,0.0,0.0,0.0,0.0,0.0
40,2022-03-16,2892.12,305.5,277,0,Wednesday,March,24,0.0,0.0,0.0,0.0,0.0,0.0
41,2022-03-17,2494.22,322.08,148,0,Thursday,March,18,0.0,0.0,0.0,0.0,111.0,1.0
42,2022-03-18,2416.87,303.49,293,0,Friday,March,16,0.0,0.0,0.0,0.0,97.0,1.0
43,2022-03-19,2249.44,300.45,237,0,Saturday,March,10,0.0,0.0,0.0,0.0,0.0,0.0
44,2022-03-20,2170.86,323.34,165,0,Sunday,March,10,0.0,0.0,0.0,0.0,0.0,0.0
45,2022-03-21,2682.72,304.17,290,0,Monday,March,28,0.0,0.0,0.0,0.0,0.0,0.0
46,2022-03-22,2638.27,300.07,190,0,Tuesday,March,21,4.0,1.0,0.0,0.0,0.0,0.0
47,2022-03-23,2487.29,316.98,251,0,Wednesday,March,16,9.0,1.0,0.0,0.0,0.0,0.0
48,2022-03-24,2673.2,302.46,215,0,Thursday,March,18,0.0,0.0,0.0,0.0,0.0,0.0
49,2022-03-25,1779.19,341.35,288,1,Friday,March,18,0.0,0.0,0.0,0.0,130.0,1.0
50,2022-03-26,2404.79,311.52,137,1,Saturday,March,10,0.0,0.0,0.0,0.0,0.0,0.0
51,2022-03-27,2137.21,319.73,281,1,Sunday,March,11,0.0,0.0,0.0,0.0,57.0,1.0
52,2022-03-28,2414.31,327.77,204,1,Monday,March,25,0.0,1.0,0.0,0.0,112.0,2.0
53,2022-03-29,2155.04,332.51,271,1,Tuesday,March,12,12.0,1.0,0.0,0.0,0.0,0.0
54,2022-03-30,1922.52,365.77,180,1,Wednesday,March,15,3.0,1.0,0.0,0.0,0.0,0.0
55,2022-03-31,730.69,323.07,295,1,Thursday,March,17,3.0,3.0,0.0,0.0,115.5,2.0
56,2022-04-01,2463.79,322.04,154,0,Friday,April,19,0.5,2.0,0.0,0.0,173.0,2.0
57,2022-04-02,2665.34,343.36,299,0,Saturday,April,8,0.0,0.0,0.0,0.0,0.0,0.0
58,2022-04-03,2249.87,337.65,233,0,Sunday,April,7,0.0,0.0,0.0,0.0,0.0,0.0
59,2022-04-04,3258.51,327.5,160,0,Monday,April,17,0.0,0.0,0.0,0.0,0.0,0.0
60,2022-04-05,3506.01,332.9,286,0,Tuesday,April,21,0.0,0.0,0.0,0.0,0.0,0.0
61,2022-04-06,3394.2,336.2,192,0,Wednesday,April,17,0.0,0.0,0.0,0.0,0.0,0.0
62,2022-04-07,3298.29,337.69,245,0,Thursday,April,21,0.0,0.0,0.0,0.0,116.0,1.0
63,2022-04-08,3072.48,337.08,209,0,Friday,April,15,0.0,0.0,0.0,0.0,0.0,0.0
64,2022-04-09,3181.18,341.13,281,0,Saturday,April,11,0.0,0.0,0.0,0.0,0.0,0.0
65,2022-04-10,3110.875,346.07,133,0,Sunday,April,14,0.0,0.0,0.0,0.0,0.0,0.0
66,2022-04-11,3370.81,320.16,283,0,Monday,April,14,0.0,0.0,0.0,0.0,77.0,1.0
67,2022-04-12,3398.99,330.83,198,0,Tuesday,April,27,5.0,1.0,0.0,0.0,0.0,0.0
68,2022-04-13,3378.665,311.54,261,0,Wednesday,April,22,0.0,0.0,0.0,0.0,222.0,1.0
69,2022-04-14,3383.15,332.69,173,0,Thursday,April,19,0.0,0.0,66.0,1.0,42.0,1.0
70,2022-04-15,3162.82,316.79,278,0,Friday,April,19,0.0,0.0,0.0,0.0,0.0,0.0
71,2022-04-16,3519.135,354.0,147,0,Saturday,April,15,0.0,0.0,0.0,0.0,0.0,0.0
72,2022-04-17,3937.165,378.22,292,0,Sunday,April,9,0.0,0.0,0.0,0.0,0.0,0.0
73,2022-04-18,3709.615,332.37,236,0,Monday,April,24,7.0,1.0,54.0,1.0,0.0,0.0
74,2022-04-19,4364.375,313.55,164,0,Tuesday,April,18,0.0,0.0,0.0,0.0,0.0,0.0
75,2022-04-20,4007.685,314.8,291,0,Wednesday,April,11,0.0,0.0,0.0,0.0,0.0,0.0
76,2022-04-21,4028.445,333.29,189,0,Thursday,April,22,0.0,0.0,65.0,1.0,189.0,1.0
77,2022-04-22,3741.61,331.83,250,0,Friday,April,13,0.0,0.0,0.0,0.0,0.0,0.0
78,2022-04-23,3001.88,347.1,214,0,Saturday,April,10,0.0,0.0,0.0,0.0,0.0,0.0
79,2022-04-24,3000.035,364.66,287,0,Sunday,April,8,0.0,0.0,0.0,0.0,0.0,0.0
80,2022-04-25,4260.035,324.99,136,0,Monday,April,19,7.5,2.0,0.0,0.0,196.0,1.0
81,2022-04-26,4336.71,337.37,282,0,Tuesday,April,19,1.0,1.0,0.0,0.0,127.0,1.0
82,2022-04-27,3288.55,301.81,203,0,Wednesday,April,16,0.0,0.0,44.0,1.0,0.0,0.0
83,2022-04-28,3178.195,320.84,270,0,Thursday,April,10,0.0,0.0,0.0,0.0,0.0,0.0
84,2022-04-29,1859.48,330.29,179,0,Friday,April,5,0.0,1.0,0.0,0.0,150.0,1.0
85,2022-04-30,2540.51,314.65,296,0,Saturday,April,2,0.0,0.0,0.0,0.0,0.0,0.0
86,2022-05-01,2605.19,320.57,153,0,Sunday,May,14,0.0,0.0,0.0,0.0,0.0,0.0
87,2022-05-02,3156.475,357.67,298,0,Monday,May,16,0.0,0.0,0.0,0.0,51.0,1.0
88,2022-05-03,3026.175,333.82,232,0,Tuesday,May,15,0.0,0.0,81.0,1.0,0.0,0.0
89,2022-05-04,3575.895,322.16,159,0,Wednesday,May,18,0.0,0.0,0.0,0.0,83.0,1.0
90,2022-05-05,3318.98,288.44,287,0,Thursday,May,15,34.0,1.0,0.0,0.0,0.0,0.0
91,2022-05-06,2536.31,320.13,191,0,Friday,May,11,0.0,0.0,0.0,0.0,199.0,1.0
92,2022-05-07,2234.555,340.67,244,0,Saturday,May,17,0.0,0.0,0.0,0.0,0.0,0.0
93,2022-05-08,2601.35,334.46,208,0,Sunday,May,13,0.0,0.0,0.0,0.0,0.0,0.0
94,2022-05-09,2818.4,330.25,280,0,Monday,May,22,0.0,0.0,81.0,1.0,165.0,1.0
95,2022-05-10,3430.595,327.39,132,0,Tuesday,May,21,0.0,0.0,0.0,0.0,170.0,1.0
96,2022-05-11,3060.98,311.77,284,0,Wednesday,May,14,0.0,1.0,0.0,0.0,82.0,1.0
97,2022-05-12,2941.35,309.51,197,0,Thursday,May,15,0.0,0.0,0.0,0.0,0.0,0.0
98,2022-05-13,3111.04,323.45,260,0,Friday,May,21,0.0,0.0,0.0,0.0,0.0,0.0
99,2022-05-14,2622.55,315.71,172,0,Saturday,May,10,0.0,0.0,0.0,0.0,0.0,0.0
100,2022-05-15,2685.795,339.19,279,0,Sunday,May,13,0.0,0.0,0.0,0.0,0.0,0.0
101,2022-05-16,3580.995,320.83,146,0,Monday,May,23,0.0,0.0,0.0,0.0,43.0,1.0
102,2022-05-17,3196.825,334.73,291,0,Tuesday,May,16,0.0,0.0,0.0,0.0,70.0,1.0
103,2022-05-18,3374.505,324.14,235,0,Wednesday,May,17,15.0,2.0,0.0,0.0,54.0,1.0
104,2022-05-19,3320.35,310.87,163,0,Thursday,May,20,1.0,1.0,0.0,0.0,0.0,0.0
105,2022-05-20,2890.8,303.13,292,0,Friday,May,20,10.0,1.0,0.0,0.0,257.0,1.0
106,2022-05-21,3580.66,309.26,188,0,Saturday,May,11,0.0,0.0,0.0,0.0,0.0,0.0
107,2022-05-22,3646.425,344.34,249,0,Sunday,May,12,0.0,0.0,0.0,0.0,0.0,0.0
108,2022-05-23,3951.55,297.57,213,0,Monday,May,18,0.0,0.0,57.0,1.0,0.0,0.0
109,2022-05-24,3848.15,341.8,286,0,Tuesday,May,13,0.0,0.0,0.0,0.0,162.0,1.0
110,2022-05-25,3897.5,324.29,135,0,Wednesday,May,16,5.0,1.0,0.0,0.0,132.0,1.0
111,2022-05-26,3596.215,305.16,283,0,Thursday,May,10,2.0,1.0,42.0,1.0,0.0,0.0
112,2022-05-27,3291.6388,312.17,202,0,Friday,May,13,10.0,1.0,0.0,0.0,54.0,1.0
113,2022-05-28,2980.0579,338.66,269,0,Saturday,May,6,0.0,0.0,0.0,0.0,0.0,0.0
114,2022-05-29,3485.71,375.25,178,0,Sunday,May,14,0.0,0.0,0.0,0.0,0.0,0.0
115,2022-05-30,3388.2651,315.46,297,0,Monday,May,8,0.0,0.0,0.0,0.0,0.0,0.0
116,2022-05-31,3855.5107,336.06,152,0,Tuesday,May,19,4.0,1.0,0.0,0.0,0.0,0.0
117,2022-06-01,3582.135,322.63,297,0,Wednesday,June,14,0.0,0.0,105.0,1.0,0.0,0.0
118,2022-06-02,3956.1409,331.34,231,0,Thursday,June,10,0.0,0.0,0.0,0.0,196.0,1.0
119,2022-06-03,3364.1818,329.74,158,0,Friday,June,13,0.0,0.0,0.0,0.0,159.0,1.0
120,2022-06-04,3131.5207,321.48,288,0,Saturday,June,8,0.0,0.0,0.0,0.0,0.0,0.0
121,2022-06-05,3605.345,340.01,190,0,Sunday,June,5,0.0,0.0,0.0,0.0,0.0,0.0
122,2022-06-06,4094.9364,323.81,243,0,Monday,June,14,0.0,0.0,70.0,1.0,0.0,0.0
123,2022-06-07,4088.8706,328.68,207,0,Tuesday,June,14,4.0,1.0,0.0,0.0,0.0,0.0
124,2022-06-08,4462.845,325.13,279,0,Wednesday,June,21,0.0,0.0,105.0,1.0,0.0,0.0
125,2022-06-09,4511.85,329.01,131,0,Thursday,June,24,0.0,0.0,0.0,0.0,75.0,1.0
126,2022-06-10,3421.6,308.21,285,0,Friday,June,13,0.0,0.0,0.0,0.0,0.0,0.0
127,2022-06-11,3107.89,339.44,196,0,Saturday,June,5,0.0,0.0,0.0,0.0,0.0,0.0
128,2022-06-12,4592.88,364.8,259,0,Sunday,June,9,0.0,0.0,0.0,0.0,0.0,0.0
129,2022-06-13,4365.13,305.09,171,0,Monday,June,16,28.0,1.0,0.0,0.0,0.0,0.0
130,2022-06-14,4646.17,334.78,280,0,Tuesday,June,14,0.0,0.0,0.0,0.0,0.0,0.0
131,2022-06-15,4402.73,337.76,145,0,Wednesday,June,13,0.0,0.0,0.0,0.0,0.0,0.0
132,2022-06-16,3418.39,320.61,290,0,Thursday,June,13,0.0,0.0,0.0,0.0,172.0,1.0
133,2022-06-17,2926.61,315.47,234,0,Friday,June,13,8.0,2.0,0.0,0.0,0.0,0.0
134,2022-06-18,2697.1,338.43,162,0,Saturday,June,6,0.0,0.0,0.0,0.0,145.0,1.0
135,2022-06-19,2782.93,331.51,293,0,Sunday,June,8,0.0,0.0,0.0,0.0,135.0,1.0
136,2022-06-20,3894.45,367.95,187,0,Monday,June,15,0.0,0.0,0.0,0.0,0.0,0.0
137,2022-06-21,3816.04,322.83,248,0,Tuesday,June,14,0.0,0.0,0.0,0.0,122.0,1.0
138,2022-06-22,3261.8659,337.3,212,0,Wednesday,June,14,0.0,0.0,51.0,1.0,0.0,0.0
139,2022-06-23,2939.9083,330.45,285,0,Thursday,June,21,0.0,0.0,97.0,1.0,0.0,0.0
140,2022-06-24,1334.7031,337.0,134,1,Friday,June,9,0.0,0.0,0.0,0.0,237.0,1.0
141,2022-06-25,1719.43,319.86,284,1,Saturday,June,5,0.0,0.0,0.0,0.0,0.0,0.0
142,2022-06-26,1871.1365,369.68,201,1,Sunday,June,5,0.0,0.0,0.0,0.0,0.0,0.0
143,2022-06-27,2145.33,348.44,268,1,Monday,June,12,9.0,1.0,101.5,2.0,0.0,0.0
144,2022-06-28,2588.545,355.95,177,1,Tuesday,June,17,0.0,2.0,43.0,1.0,156.66666666666666,3.0
145,2022-06-29,2250.5573,294.46,298,1,Wednesday,June,9,5.0,1.0,0.0,0.0,0.0,0.0
146,2022-06-30,2193.005,300.2,151,1,Thursday,June,15,0.0,0.0,91.0,1.0,0.0,0.0
147,2022-07-01,2821.433,306.7,296,0,Friday,July,14,3.0,1.0,0.0,0.0,0.0,0.0
148,2022-07-02,2423.8193,327.31,230,0,Saturday,July,3,0.0,0.0,0.0,0.0,0.0,0.0
149,2022-07-03,2592.165,333.61,157,0,Sunday,July,8,0.0,0.0,0.0,0.0,0.0,0.0
150,2022-07-04,2597.5887,317.66,289,0,Monday,July,3,0.0,0.0,0.0,0.0,0.0,0.0
151,2022-07-05,3125.2776,304.71,189,0,Tuesday,July,9,0.0,0.0,0.0,0.0,0.0,0.0
152,2022-07-06,3550.6439,317.57,242,0,Wednesday,July,10,58.0,1.0,111.0,1.0,97.0,1.0
153,2022-07-07,3667.9151,325.23,206,0,Thursday,July,10,0.0,1.0,134.0,1.0,56.0,1.0
154,2022-07-08,2262.28,316.28,278,0,Friday,July,11,2.0,1.0,0.0,0.0,0.0,0.0
155,2022-07-09,2128.28,326.84,130,0,Saturday,July,4,0.0,0.0,0.0,0.0,0.0,0.0
156,2022-07-10,2188.81,323.72,286,0,Sunday,July,7,0.0,0.0,0.0,0.0,0.0,0.0
157,2022-07-11,3479.24,318.36,195,0,Monday,July,21,0.0,0.0,54.0,1.0,0.0,0.0
158,2022-07-12,2453.24,323.19,258,0,Tuesday,July,14,21.0,1.0,0.0,0.0,74.5,2.0
159,2022-07-13,2424.31,345.32,170,0,Wednesday,July,11,1.0,1.0,0.0,0.0,194.0,1.0
160,2022-07-14,2711.19,330.69,281,0,Thursday,July,10,0.0,0.0,0.0,0.0,0.0,0.0
161,2022-07-15,4474.325,301.35,144,0,Friday,July,12,3.0,1.0,0.0,0.0,0.0,0.0
162,2022-07-16,3881.745,317.97,289,0,Saturday,July,9,0.0,0.0,0.0,0.0,0.0,0.0
163,2022-07-17,3907.995,342.33,233,0,Sunday,July,7,0.0,0.0,0.0,0.0,0.0,0.0
164,2022-07-18,5000.4347,308.72,161,0,Monday,July,12,5.0,1.0,0.0,0.0,0.0,0.0
165,2022-07-19,4899.18,329.54,294,0,Tuesday,July,18,0.0,0.0,0.0,0.0,0.0,0.0
166,2022-07-20,4534.426,326.26,186,0,Wednesday,July,15,0.0,0.0,54.0,1.0,40.0,1.0
167,2022-07-21,4408.7019,321.4,247,0,Thursday,July,17,32.0,1.0,0.0,0.0,0.0,0.0
168,2022-07-22,3774.925,321.31,211,0,Friday,July,8,0.0,0.0,0.0,0.0,307.0,1.0
169,2022-07-23,3245.94,325.29,284,0,Saturday,July,8,0.0,0.0,0.0,0.0,0.0,0.0
170,2022-07-24,3473.365,348.3,133,0,Sunday,July,5,0.0,0.0,0.0,0.0,0.0,0.0
171,2022-07-25,4032.5553,327.86,285,0,Monday,July,17,2.5,2.0,152.5,2.0,117.0,2.0
172,2022-07-26,2414.4264,310.74,200,0,Tuesday,July,12,1.0,1.0,76.5,2.0,0.0,0.0
173,2022-07-27,2277.95,343.86,267,0,Wednesday,July,8,48.0,1.0,0.0,0.0,0.0,0.0
174,2022-07-28,2442.2484,324.78,176,0,Thursday,July,16,0.0,0.0,0.0,0.0,0.0,0.0
175,2022-07-29,2873.37,332.73,299,0,Friday,July,8,0.0,1.0,0.0,0.0,125.0,1.0
176,2022-07-30,2694.0018,325.34,150,0,Saturday,July,6,0.0,0.0,0.0,0.0,0.0,0.0
177,2022-07-31,2342.0031,326.15,295,0,Sunday,July,8,0.0,0.0,0.0,0.0,0.0,0.0
178,2022-08-01,2814.36,337.93,229,0,Monday,August,20,0.0,1.0,99.0,2.0,68.0,2.0
179,2022-08-02,2711.5515,317.89,156,0,Tuesday,August,14,0.0,0.0,130.0,1.0,73.0,1.0
180,2022-08-03,3101.3619,314.11,290,0,Wednesday,August,13,112.0,1.0,0.0,0.0,139.0,1.0
181,2022-08-04,3110.6,302.48,188,0,Thursday,August,16,0.0,0.0,0.0,0.0,0.0,0.0
182,2022-08-05,3079.045,317.66,241,0,Friday,August,11,2.0,1.0,0.0,0.0,0.0,0.0
183,2022-08-06,2386.405,323.69,205,0,Saturday,August,11,0.0,0.0,0.0,0.0,0.0,0.0
184,2022-08-07,2577.715,328.05,277,0,Sunday,August,6,0.0,0.0,0.0,0.0,0.0,0.0
185,2022-08-08,2872.4,355.19,129,0,Monday,August,23,0.0,1.0,0.0,0.0,50.0,1.0
186,2022-08-09,3883.9763,330.73,287,0,Tuesday,August,19,0.0,0.0,0.0,0.0,0.0,0.0
187,2022-08-10,4557.925,295.47,194,0,Wednesday,August,14,0.0,1.0,0.0,0.0,43.0,1.0
188,2022-08-11,4085.9864,347.81,257,0,Thursday,August,15,0.0,0.0,0.0,0.0,0.0,0.0
189,2022-08-12,4218.999,333.68,169,0,Friday,August,20,54.0,2.0,0.0,0.0,148.0,2.0
190,2022-08-13,3170.45,298.33,282,0,Saturday,August,10,0.0,0.0,0.0,0.0,0.0,0.0
191,2022-08-14,3465.942,313.76,143,0,Sunday,August,12,0.0,0.0,0.0,0.0,0.0,0.0
192,2022-08-15,4817.8274,347.69,288,0,Monday,August,15,3.0,1.0,0.0,0.0,0.0,0.0
193,2022-08-16,3963.2335,257.45,232,0,Tuesday,August,16,83.0,1.0,0.0,0.0,0.0,0.0
194,2022-08-17,4351.325,291.98,160,0,Wednesday,August,21,16.0,1.0,0.0,0.0,195.0,1.0
195,2022-08-18,4100.54,288.96,295,0,Thursday,August,18,0.0,0.0,140.0,1.0,140.0,1.0
196,2022-08-19,3657.0775,335.33,185,0,Friday,August,15,1.0,1.0,0.0,0.0,0.0,0.0
197,2022-08-20,3258.27,331.63,246,0,Saturday,August,8,0.0,0.0,0.0,0.0,0.0,0.0
198,2022-08-21,3275.9,331.27,210,0,Sunday,August,7,0.0,0.0,0.0,0.0,0.0,0.0
199,2022-08-22,3522.45,329.28,283,0,Monday,August,19,0.0,0.0,41.0,1.0,0.0,0.0
200,2022-08-23,4018.7932,322.65,132,0,Tuesday,August,20,6.0,1.0,75.0,1.0,0.0,0.0
201,2022-08-24,4085.9125,311.96,286,0,Wednesday,August,16,0.0,0.0,0.0,0.0,174.0,1.0
202,2022-08-25,2999.3853,323.22,199,0,Thursday,August,14,23.0,1.0,0.0,0.0,222.0,1.0
203,2022-08-26,2528.25,339.12,266,0,Friday,August,18,1.0,1.0,0.0,0.0,0.0,0.0
204,2022-08-27,2347.53,326.57,175,0,Saturday,August,10,0.0,0.0,0.0,0.0,0.0,0.0
205,2022-08-28,2368.2375,331.79,300,0,Sunday,August,6,0.0,0.0,0.0,0.0,0.0,0.0
206,2022-08-29,1870.71,355.9,149,0,Monday,August,16,0.0,0.0,97.0,2.0,141.0,1.0
207,2022-08-30,1367.28,334.51,294,0,Tuesday,August,6,0.0,0.0,0.0,0.0,0.0,0.0
208,2022-08-31,1722.49,326.61,228,0,Wednesday,August,10,0.0,0.0,127.0,1.0,0.0,0.0
209,2022-09-01,3333.19,343.96,155,0,Thursday,September,19,3.0,1.0,56.0,1.0,98.0,1.0
210,2022-09-02,2719.8875,337.4,291,0,Friday,September,9,1.0,1.0,0.0,0.0,0.0,0.0
211,2022-09-03,2667.39,319.41,187,0,Saturday,September,8,0.0,0.0,0.0,0.0,0.0,0.0
212,2022-09-04,3000.9867,329.39,240,0,Sunday,September,7,0.0,0.0,0.0,0.0,0.0,0.0
213,2022-09-05,3244.015,323.9,204,0,Monday,September,11,0.0,0.0,0.0,0.0,101.0,1.0
214,2022-09-06,3571.315,320.38,276,0,Tuesday,September,16,0.0,0.0,181.0,2.0,0.0,0.0
215,2022-09-07,3853.8775,341.97,128,0,Wednesday,September,24,0.0,0.0,0.0,0.0,47.0,1.0
216,2022-09-08,3777.59,341.32,288,0,Thursday,September,17,1.0,1.0,0.0,0.0,0.0,0.0
217,2022-09-09,3401.625,329.93,193,0,Friday,September,5,0.0,0.0,0.0,0.0,0.0,0.0
218,2022-09-10,2327.52,346.79,256,0,Saturday,September,10,0.0,0.0,0.0,0.0,0.0,0.0
219,2022-09-11,3100.3,346.14,168,0,Sunday,September,12,0.0,0.0,0.0,0.0,0.0,0.0
220,2022-09-12,4652.9675,331.85,283,0,Monday,September,17,0.0,0.0,0.0,0.0,0.0,0.0
221,2022-09-13,4579.21,347.29,142,0,Tuesday,September,11,0.0,0.0,0.0,0.0,0.0,0.0
222,2022-09-14,3851.7725,327.7,287,0,Wednesday,September,19,0.0,0.0,0.0,0.0,0.0,0.0
223,2022-09-15,3955.24,327.76,231,0,Thursday,September,18,0.0,0.0,0.0,0.0,0.0,0.0
224,2022-09-16,3910.1575,316.88,159,0,Friday,September,18,17.0,2.0,0.0,0.0,137.0,1.0
225,2022-09-17,3241.86,342.78,296,0,Saturday,September,9,0.0,0.0,0.0,0.0,0.0,0.0
226,2022-09-18,3392.165,350.42,184,0,Sunday,September,11,0.0,0.0,0.0,0.0,0.0,0.0
227,2022-09-19,4627.255,343.5,245,0,Monday,September,19,0.0,1.0,152.5,2.0,103.66666666666667,3.0
228,2022-09-20,4912.675,314.68,209,0,Tuesday,September,23,0.0,0.0,0.0,0.0,0.0,0.0
229,2022-09-21,3746.61,324.61,282,0,Wednesday,September,19,0.0,0.0,0.0,0.0,0.0,0.0
230,2022-09-22,1879.12,356.15,131,0,Thursday,September,12,4.5,2.0,43.0,1.0,0.0,0.0
231,2022-09-23,3575.32,338.91,287,0,Friday,September,13,0.0,0.0,0.0,0.0,0.0,0.0
232,2022-09-24,2752.655,339.42,198,1,Saturday,September,10,0.0,0.0,0.0,0.0,0.0,0.0
233,2022-09-25,3316.09,336.45,265,1,Sunday,September,10,0.0,0.0,0.0,0.0,0.0,0.0
234,2022-09-26,3965.16,322.34,174,1,Monday,September,14,0.0,0.0,103.0,2.0,0.0,0.0
235,2022-09-27,4228.665,336.68,299,1,Tuesday,September,14,0.0,0.0,50.0,1.0,60.0,2.0
236,2022-09-28,2512.07,339.46,148,1,Wednesday,September,11,1.0,1.0,0.0,0.0,0.0,0.0
237,2022-09-29,867.92,290.27,293,1,Thursday,September,12,0.0,0.0,0.0,0.0,67.0,1.0
238,2022-09-30,946.47,275.35,227,1,Friday,September,9,2.0,2.0,0.0,0.0,593.0,1.0
239,2022-10-01,1161.11,291.87,154,0,Saturday,October,4,0.0,0.0,0.0,0.0,0.0,0.0
240,2022-10-02,3158.71,288.87,292,0,Sunday,October,11,0.0,0.0,0.0,0.0,0.0,0.0
241,2022-10-03,3305.31,278.71,186,0,Monday,October,16,0.0,0.0,0.0,0.0,133.0,1.0
242,2022-10-04,2901.76,280.99,239,0,Tuesday,October,19,8.0,2.0,132.0,1.0,0.0,0.0
243,2022-10-05,2450.74,274.7,203,0,Wednesday,October,12,0.0,0.0,0.0,0.0,0.0,0.0
244,2022-10-06,2829.7,278.28,275,0,Thursday,October,17,0.0,1.0,188.0,1.0,53.0,1.0
245,2022-10-07,2887.12,271.89,127,0,Friday,October,18,0.0,0.0,0.0,0.0,129.0,1.0
246,2022-10-08,2419.01,282.59,289,0,Saturday,October,15,0.0,0.0,0.0,0.0,0.0,0.0
247,2022-10-09,2850.22,282.84,192,0,Sunday,October,8,0.0,0.0,0.0,0.0,0.0,0.0
248,2022-10-10,3567.37,250.76,255,0,Monday,October,19,0.0,0.0,0.0,0.0,0.0,0.0
249,2022-10-11,3156.44,269.64,167,0,Tuesday,October,16,81.0,2.0,97.0,1.0,93.5,2.0
250,2022-10-12,3716.91,280.27,284,0,Wednesday,October,17,0.5,2.0,0.0,0.0,126.0,1.0
251,2022-10-13,3517.77,282.68,141,0,Thursday,October,17,0.0,0.0,0.0,0.0,0.0,0.0
252,2022-10-14,3151.99,271.55,286,0,Friday,October,17,0.0,0.0,73.0,1.0,0.0,0.0
253,2022-10-15,2732.73,269.57,230,0,Saturday,October,11,0.0,0.0,0.0,0.0,0.0,0.0
254,2022-10-16,3499.835,289.89,158,0,Sunday,October,10,0.0,0.0,0.0,0.0,0.0,0.0
255,2022-10-17,3207.25,266.76,297,0,Monday,October,17,6.0,1.0,0.0,0.0,46.0,1.0
256,2022-10-18,3144.52,278.74,183,0,Tuesday,October,18,0.0,0.0,0.0,0.0,542.0,1.0
257,2022-10-19,3012.035,261.38,244,0,Wednesday,October,17,0.0,0.0,0.0,0.0,0.0,0.0
258,2022-10-20,2447.445,271.17,208,0,Thursday,October,17,0.0,0.0,80.0,1.0,0.0,0.0
259,2022-10-21,2714.63,277.11,281,0,Friday,October,17,4.0,1.0,143.5,2.0,103.0,1.0
260,2022-10-22,2279.81,273.53,130,0,Saturday,October,13,0.0,0.0,0.0,0.0,0.0,0.0
261,2022-10-23,2330.635,281.09,288,0,Sunday,October,8,0.0,0.0,0.0,0.0,0.0,0.0
262,2022-10-24,3833.83,288.07,197,0,Monday,October,21,3.0,1.0,41.0,2.0,65.66666666666667,3.0
263,2022-10-25,3216.12,273.38,264,0,Tuesday,October,13,1.0,1.0,0.0,0.0,0.0,0.0
264,2022-10-26,3697.73,276.14,173,0,Wednesday,October,24,0.0,0.0,0.0,0.0,0.0,0.0
265,2022-10-27,3044.58,285.39,298,0,Thursday,October,16,0.0,0.0,179.5,2.0,0.0,0.0
266,2022-10-28,3179.845,264.52,147,0,Friday,October,13,0.0,0.0,108.0,1.0,0.0,0.0
267,2022-10-29,2393.82,278.76,292,0,Saturday,October,4,0.0,0.0,0.0,0.0,0.0,0.0
268,2022-10-30,2860.01,289.31,226,0,Sunday,October,9,0.0,0.0,0.0,0.0,0.0,0.0
269,2022-10-31,3640.3,260.07,153,0,Monday,October,24,0.0,0.0,0.0,0.0,0.0,0.0
270,2022-11-01,3429.55,373.23661328023826,293,0,Tuesday,November,17,0.0,0.0,117.0,2.0,84.0,1.0
271,2022-11-02,3927.05,138.26,185,0,Wednesday,November,25,0.0,0.0,162.0,1.0,0.0,0.0
272,2022-11-03,3460.715,290.77,238,0,Thursday,November,18,0.0,0.0,0.0,0.0,0.0,0.0
273,2022-11-04,3465.65,298.68,202,0,Friday,November,13,11.0,1.0,0.0,0.0,0.0,0.0
274,2022-11-05,3205.66,305.23,274,0,Saturday,November,6,0.0,0.0,0.0,0.0,0.0,0.0
275,2022-11-06,3216.32,319.31,126,0,Sunday,November,11,0.0,0.0,0.0,0.0,0.0,0.0
276,2022-11-07,3106.75,306.44,290,0,Monday,November,27,0.0,0.0,118.5,2.0,0.0,0.0
277,2022-11-08,3058.395,298.39,191,0,Tuesday,November,32,0.0,1.0,0.0,0.0,133.0,1.0
278,2022-11-09,3105.39,314.28,254,0,Wednesday,November,30,0.0,0.0,159.0,1.0,150.0,3.0
279,2022-11-10,2679.84,293.23,166,0,Thursday,November,13,0.0,0.0,145.0,1.0,0.0,0.0
280,2022-11-11,2518.72,304.95,285,0,Friday,November,13,0.0,0.0,0.0,0.0,0.0,0.0
281,2022-11-12,2329.58,312.84,140,0,Saturday,November,4,0.0,0.0,0.0,0.0,0.0,0.0
282,2022-11-13,2387.07,318.01,285,0,Sunday,November,9,0.0,0.0,0.0,0.0,352.0,1.0
283,2022-11-14,3313.095,312.63,229,0,Monday,November,18,10.5,2.0,0.0,0.0,50.0,1.0
284,2022-11-15,3239.61,305.33,157,0,Tuesday,November,13,6.0,1.0,0.0,0.0,0.0,0.0
285,2022-11-16,3828.89,299.97,298,0,Wednesday,November,12,11.0,2.0,0.0,0.0,552.0,1.0
286,2022-11-17,3858.57,302.72,182,0,Thursday,November,14,0.0,0.0,0.0,0.0,0.0,0.0
287,2022-11-18,3236.26,296.24,243,0,Friday,November,11,0.0,0.0,0.0,0.0,129.0,1.0
288,2022-11-19,2778.76,309.43,207,0,Saturday,November,5,0.0,0.0,0.0,0.0,0.0,0.0
289,2022-11-20,2915.74,299.36,280,0,Sunday,November,11,0.0,0.0,27.0,1.0,0.0,0.0
290,2022-11-21,3322.67,306.95,129,0,Monday,November,16,0.0,0.0,210.5,2.0,0.0,0.0
291,2022-11-22,3380.65,301.83,289,0,Tuesday,November,19,0.0,0.0,0.0,0.0,135.0,1.0
292,2022-11-23,3206.88,290.19,196,0,Wednesday,November,11,0.0,0.0,0.0,0.0,0.0,0.0
293,2022-11-24,2187.8,288.09,263,0,Thursday,November,4,0.0,0.0,0.0,0.0,0.0,0.0
294,2022-11-25,2338.88,277.8,172,0,Friday,November,10,0.0,0.0,0.0,0.0,98.0,1.0
295,2022-11-26,2662.04,296.32,297,0,Saturday,November,10,0.0,0.0,0.0,0.0,0.0,0.0
296,2022-11-27,3313.7,285.95,146,0,Sunday,November,6,0.0,0.0,0.0,0.0,0.0,0.0
297,2022-11-28,2202.21,297.04,291,0,Monday,November,12,3.0,2.0,53.0,1.0,21.0,1.0
298,2022-11-29,721.98,274.1,225,0,Tuesday,November,9,0.0,0.0,0.0,0.0,0.0,0.0
299,2022-11-30,567.31,267.87,152,0,Wednesday,November,7,5.0,1.0,0.0,0.0,0.0,0.0
300,2022-12-01,3411.5921,274.18,294,0,Thursday,December,10,13.0,1.0,118.0,2.0,0.0,0.0
301,2022-12-02,4123.7129,283.26,184,0,Friday,December,14,0.0,0.0,46.0,1.0,0.0,0.0
302,2022-12-03,3403.133,291.57,237,0,Saturday,December,11,0.0,0.0,0.0,0.0,51.0,1.0
303,2022-12-04,2649.1922,296.65,201,0,Sunday,December,13,0.0,0.0,0.0,0.0,0.0,0.0
304,2022-12-05,3478.5088,279.56,273,0,Monday,December,27,0.0,0.0,119.5,2.0,147.0,1.0
305,2022-12-06,2986.39,274.4,125,0,Tuesday,December,12,137.0,1.0,0.0,0.0,126.0,1.0
306,2022-12-07,2758.525,277.66,291,0,Wednesday,December,19,0.0,0.0,148.5,2.0,0.0,0.0
307,2022-12-08,2762.12,279.96,190,0,Thursday,December,9,0.0,0.0,98.0,1.0,0.0,0.0
308,2022-12-09,2508.016,279.6,253,0,Friday,December,14,0.0,1.0,0.0,0.0,158.5,2.0
309,2022-12-10,2056.75,286.92,165,0,Saturday,December,5,0.0,0.0,0.0,0.0,0.0,0.0
310,2022-12-11,2191.99,289.94,286,0,Sunday,December,9,0.0,0.0,0.0,0.0,128.0,1.0
311,2022-12-12,2212.6888,284.05,139,0,Monday,December,16,0.0,0.0,0.0,0.0,0.0,0.0
312,2022-12-13,2162.4152,282.65,284,0,Tuesday,December,11,0.0,0.0,0.0,0.0,114.0,1.0
313,2022-12-14,2122.9,264.33,228,0,Wednesday,December,9,0.0,0.0,0.0,0.0,0.0,0.0
314,2022-12-15,2299.08,271.44,156,0,Thursday,December,12,10.0,1.0,125.33333333333333,3.0,0.0,0.0
315,2022-12-16,1977.76,269.63,299,0,Friday,December,13,0.0,0.0,0.0,0.0,0.0,0.0
316,2022-12-17,1544.24,275.61,181,0,Saturday,December,9,0.0,0.0,0.0,0.0,0.0,0.0
317,2022-12-18,1960.09,294.6,242,0,Sunday,December,10,0.0,0.0,0.0,0.0,0.0,0.0
318,2022-12-19,2370.0,276.56,206,0,Monday,December,14,16.0,1.0,45.0,2.0,0.0,0.0
319,2022-12-20,2329.15,258.95,279,0,Tuesday,December,12,0.0,0.0,139.0,1.0,0.0,0.0
320,2022-12-21,2375.3772,274.04,128,0,Wednesday,December,11,12.0,1.0,0.0,0.0,0.0,0.0
321,2022-12-22,2327.31,266.25,290,0,Thursday,December,3,0.0,0.0,0.0,0.0,0.0,0.0
322,2022-12-23,1711.4945,267.31,195,0,Friday,December,6,0.0,0.0,0.0,0.0,0.0,0.0
323,2022-12-24,1683.82,270.63,262,0,Saturday,December,10,0.0,0.0,0.0,0.0,0.0,0.0
324,2022-12-25,1787.77,275.84,171,1,Sunday,December,10,0.0,0.0,0.0,0.0,0.0,0.0
325,2022-12-26,2356.42,267.51,296,1,Monday,December,7,0.0,0.0,0.0,0.0,71.0,1.0
326,2022-12-27,2836.5549,254.86,145,1,Tuesday,December,14,1.0,1.0,0.0,0.0,0.0,0.0
327,2022-12-28,3120.705,262.25,290,1,Wednesday,December,6,0.0,0.0,0.0,0.0,0.0,0.0
328,2022-12-29,3002.055,253.66,224,1,Thursday,December,8,0.0,0.0,0.0,0.0,0.0,0.0
329,2022-12-30,2520.0067,262.47,151,1,Friday,December,9,0.0,0.0,0.0,0.0,0.0,0.0
330,2022-12-31,1307.225,241.45,295,1,Saturday,December,4,0.0,0.0,0.0,0.0,0.0,0.0
331,2023-01-01,1093.42,281.96,183,0,Sunday,January,3,0.0,0.0,0.0,0.0,0.0,0.0
332,2023-01-02,2194.847,274.8,236,0,Monday,January,10,0.0,0.0,0.0,0.0,0.0,0.0
333,2023-01-03,3545.4739,250.22,200,0,Tuesday,January,9,0.0,0.0,50.0,1.0,0.0,0.0
334,2023-01-04,2198.4081,261.35,272,0,Wednesday,January,6,0.0,0.0,0.0,0.0,0.0,0.0
335,2023-01-05,2438.0449,255.86,124,0,Thursday,January,10,0.0,0.0,140.0,1.0,0.0,0.0
336,2023-01-06,1952.405,270.86,292,0,Friday,January,6,0.0,0.0,0.0,0.0,73.0,1.0
337,2023-01-07,2038.5364,269.39,189,0,Saturday,January,7,0.0,0.0,0.0,0.0,0.0,0.0
338,2023-01-08,2053.602,279.07,252,0,Sunday,January,5,0.0,0.0,0.0,0.0,0.0,0.0
339,2023-01-09,2284.08,241.13,164,0,Monday,January,10,61.0,1.0,112.0,1.0,177.0,1.0
340,2023-01-10,2183.635,263.61,287,0,Tuesday,January,12,0.0,0.0,32.0,1.0,0.0,0.0
341,2023-01-11,2144.3943,257.85,138,0,Wednesday,January,5,2.0,1.0,79.0,1.0,0.0,0.0
342,2023-01-12,2407.3085,245.02,283,0,Thursday,January,14,0.0,0.0,0.0,0.0,193.0,1.0
343,2023-01-13,1929.96,258.93,227,0,Friday,January,8,0.0,0.0,0.0,0.0,0.0,0.0
344,2023-01-14,1841.7698,269.05,155,0,Saturday,January,9,0.0,0.0,0.0,0.0,0.0,0.0
345,2023-01-15,2167.2124,279.0,300,0,Sunday,January,5,0.0,0.0,0.0,0.0,0.0,0.0
346,2023-01-16,2323.065,247.75,180,0,Monday,January,9,0.0,0.0,0.0,0.0,0.0,0.0
347,2023-01-17,2592.62,259.1,241,0,Tuesday,January,11,0.0,0.0,141.0,1.0,0.0,0.0
348,2023-01-18,2261.5248,265.11,205,0,Wednesday,January,10,12.0,1.0,0.0,0.0,0.0,0.0
349,2023-01-19,1989.6843,259.48,278,0,Thursday,January,13,0.0,0.0,0.0,0.0,116.0,1.0
350,2023-01-20,1857.0526,247.87,127,0,Friday,January,10,0.0,0.0,0.0,0.0,0.0,0.0
351,2023-01-21,1520.624,259.25,291,0,Saturday,January,8,0.0,0.0,0.0,0.0,0.0,0.0
352,2023-01-22,1712.685,277.18,194,0,Sunday,January,13,0.0,0.0,0.0,0.0,0.0,0.0
353,2023-01-23,2059.0247,226.64,261,0,Monday,January,24,0.0,0.0,112.0,3.0,56.0,1.0
354,2023-01-24,1813.9541,247.43,170,0,Tuesday,January,11,1.0,1.0,84.0,1.0,0.0,0.0
355,2023-01-25,2004.5596,247.76,295,0,Wednesday,January,17,22.5,2.0,0.0,0.0,84.0,1.0
356,2023-01-26,1998.0494,241.13,144,0,Thursday,January,12,0.0,0.0,0.0,0.0,0.0,0.0
357,2023-01-27,2009.3826,246.07,289,0,Friday,January,19,45.0,1.0,0.0,0.0,0.0,0.0
358,2023-01-28,1530.5492,257.93,223,0,Saturday,January,10,0.0,0.0,0.0,0.0,0.0,0.0
359,2023-01-29,1547.8913,278.26,150,0,Sunday,January,10,0.0,0.0,0.0,0.0,0.0,0.0
360,2023-01-30,1122.6372,259.29,296,0,Monday,January,21,0.0,1.0,0.0,0.0,45.0,1.0
361,2023-01-31,1201.6218,290.62,182,0,Tuesday,January,9,0.0,0.0,137.0,1.0,0.0,0.0
362,2023-02-01,2320.2576,283.07,235,0,Wednesday,February,19,0.0,0.0,180.0,2.0,0.0,0.0
363,2023-02-02,2424.2966,282.67,199,0,Thursday,February,23,0.0,0.0,0.0,0.0,0.0,0.0
364,2023-02-03,1867.6694,303.75,271,0,Friday,February,24,59.0,1.0,0.0,0.0,39.0,1.0
365,2023-02-04,1697.22,291.92,123,0,Saturday,February,16,0.0,0.0,0.0,0.0,0.0,0.0
366,2023-02-05,1981.239,293.09,293,0,Sunday,February,10,0.0,0.0,0.0,0.0,0.0,0.0
367,2023-02-06,2413.4276,277.73,188,0,Monday,February,17,0.0,0.0,118.0,1.0,0.0,0.0
368,2023-02-07,2625.4812,292.78,251,0,Tuesday,February,9,0.0,0.0,0.0,0.0,0.0,0.0
369,2023-02-08,2546.8396,224.38,163,0,Wednesday,February,12,0.0,0.0,225.0,1.0,0.0,0.0
370,2023-02-09,2357.4426,289.55,288,0,Thursday,February,25,0.0,0.0,0.0,0.0,0.0,0.0
371,2023-02-10,2268.6622,272.96,137,0,Friday,February,17,0.0,1.0,0.0,0.0,127.5,2.0
372,2023-02-11,1799.14,303.92,282,0,Saturday,February,12,0.0,0.0,0.0,0.0,0.0,0.0
373,2023-02-12,1958.8,313.8,226,0,Sunday,February,12,0.0,0.0,0.0,0.0,0.0,0.0
374,2023-02-13,2121.7856,293.38,154,0,Monday,February,16,0.0,0.0,149.0,3.0,0.0,0.0
375,2023-02-14,2129.5501,305.61,299,0,Tuesday,February,8,0.0,0.0,174.0,1.0,0.0,0.0
376,2023-02-15,2250.424,271.74,179,0,Wednesday,February,11,0.0,0.0,126.0,1.0,0.0,0.0
377,2023-02-16,2598.6258,262.62,240,0,Thursday,February,16,28.0,1.0,168.0,2.0,0.0,0.0
378,2023-02-17,2107.9755,308.9,204,0,Friday,February,12,14.0,1.0,0.0,0.0,0.0,0.0
379,2023-02-18,2114.7279,294.74,277,0,Saturday,February,9,0.0,0.0,0.0,0.0,0.0,0.0
380,2023-02-19,1955.9244,288.96,126,0,Sunday,February,7,0.0,0.0,0.0,0.0,0.0,0.0
381,2023-02-20,2129.9651,265.6,292,0,Monday,February,9,0.0,0.0,0.0,0.0,0.0,0.0
382,2023-02-21,2161.3889,277.96,193,0,Tuesday,February,16,0.0,0.0,0.0,0.0,0.0,0.0
383,2023-02-22,2053.7964,277.13,260,0,Wednesday,February,12,0.0,0.0,0.0,0.0,0.0,0.0
384,2023-02-23,2235.1275,270.45,169,0,Thursday,February,15,0.0,0.0,0.0,0.0,120.0,1.0
385,2023-02-24,2123.5061,256.89,294,0,Friday,February,10,0.0,0.0,0.0,0.0,32.0,1.0
386,2023-02-25,1729.6814,278.13,143,0,Saturday,February,13,0.0,0.0,0.0,0.0,0.0,0.0
387,2023-02-26,1803.082,270.68,288,0,Sunday,February,14,0.0,0.0,0.0,0.0,0.0,0.0
388,2023-02-27,2520.8949,264.78,222,0,Monday,February,12,0.0,0.0,0.0,0.0,0.0,0.0
389,2023-02-28,2363.1779,261.26,149,0,Tuesday,February,16,0.0,0.0,195.0,1.0,0.0,0.0
390,2023-03-01,2028.4235,259.92,297,0,Wednesday,March,18,0.0,0.0,0.0,0.0,0.0,0.0
391,2023-03-02,2299.9023,266.26,181,0,Thursday,March,18,0.0,0.0,164.0,1.0,0.0,0.0
392,2023-03-03,2281.9268,261.38,234,0,Friday,March,20,7.0,1.0,98.0,1.0,0.0,0.0
393,2023-03-04,1928.7848,264.25,198,0,Saturday,March,6,0.0,0.0,0.0,0.0,0.0,0.0
394,2023-03-05,1910.3887,283.21,270,0,Sunday,March,10,0.0,0.0,0.0,0.0,0.0,0.0
395,2023-03-06,2488.2567,258.7,122,0,Monday,March,7,0.0,1.0,0.0,0.0,58.0,1.0
396,2023-03-07,2241.8755,264.46,294,0,Tuesday,March,9,0.0,0.0,71.0,1.0,0.0,0.0
397,2023-03-08,2473.2825,266.17,187,0,Wednesday,March,10,0.0,0.0,0.0,0.0,0.0,0.0
398,2023-03-09,2280.6164,262.37,250,0,Thursday,March,8,0.0,0.0,0.0,0.0,0.0,0.0
399,2023-03-10,2139.2051,249.58,162,0,Friday,March,9,0.0,0.0,0.0,0.0,0.0,0.0
400,2023-03-11,1786.7165,255.87,289,0,Saturday,March,7,0.0,0.0,0.0,0.0,0.0,0.0
401,2023-03-12,2024.9243,271.11,136,0,Sunday,March,12,0.0,0.0,0.0,0.0,101.0,1.0
402,2023-03-13,2432.4811,256.43,281,0,Monday,March,14,9.5,2.0,0.0,0.0,91.0,1.0
403,2023-03-14,2463.0727,262.68,225,0,Tuesday,March,14,1.0,1.0,39.0,1.0,0.0,0.0
404,2023-03-15,2153.6895,255.0,153,0,Wednesday,March,17,0.0,0.0,0.0,0.0,233.0,1.0
405,2023-03-16,2018.8689,254.69,298,0,Thursday,March,15,0.0,0.0,45.0,1.0,68.0,1.0
406,2023-03-17,2001.4596,258.3,178,0,Friday,March,9,0.0,0.0,0.0,0.0,0.0,0.0
407,2023-03-18,1922.856,266.9,239,0,Saturday,March,14,0.0,0.0,0.0,0.0,0.0,0.0
408,2023-03-19,1960.9785,277.31,203,0,Sunday,March,9,0.0,0.0,0.0,0.0,0.0,0.0
409,2023-03-20,2648.7202,257.85,276,0,Monday,March,17,0.0,0.0,64.5,2.0,0.0,0.0
410,2023-03-21,2369.1356,262.54,125,0,Tuesday,March,13,0.0,0.0,133.0,1.0,0.0,0.0
411,2023-03-22,2414.7851,249.61,293,0,Wednesday,March,12,6.0,1.0,0.0,0.0,0.0,0.0
412,2023-03-23,2226.4048,233.04,192,0,Thursday,March,13,0.0,0.0,0.0,0.0,116.0,1.0
413,2023-03-24,2019.3105,252.7,259,0,Friday,March,12,0.0,0.0,0.0,0.0,0.0,0.0
414,2023-03-25,1459.9573,266.41,168,1,Saturday,March,4,0.0,0.0,0.0,0.0,0.0,0.0
415,2023-03-26,1795.7752,279.45,293,1,Sunday,March,6,0.0,0.0,0.0,0.0,0.0,0.0
416,2023-03-27,1738.225,249.91,142,1,Monday,March,11,0.0,0.0,129.0,1.0,184.0,1.0
417,2023-03-28,1941.419,260.87,287,1,Tuesday,March,11,1.0,1.0,32.0,1.0,0.0,0.0
418,2023-03-29,1808.8693,244.39,221,1,Wednesday,March,9,41.0,2.0,0.0,0.0,0.0,0.0
419,2023-03-30,1593.8509,263.09,148,1,Thursday,March,17,0.0,0.0,0.0,0.0,0.0,0.0
420,2023-03-31,1581.7138,264.05,298,1,Friday,March,9,0.0,0.0,0.0,0.0,0.0,0.0
421,2023-04-01,1668.2086,277.82,180,0,Saturday,April,7,0.0,0.0,0.0,0.0,0.0,0.0
422,2023-04-02,1398.9912,283.62,233,0,Sunday,April,8,0.0,0.0,0.0,0.0,0.0,0.0
423,2023-04-03,2029.0233,271.44,197,0,Monday,April,13,0.0,0.0,0.0,0.0,0.0,0.0
424,2023-04-04,1974.2565,274.36,269,0,Tuesday,April,13,0.0,0.0,222.0,1.0,0.0,0.0
425,2023-04-05,1778.7902,271.78,121,0,Wednesday,April,6,0.0,0.0,0.0,0.0,0.0,0.0
426,2023-04-06,1812.6985,256.72,295,0,Thursday,April,12,0.0,0.0,124.5,2.0,92.0,1.0
427,2023-04-07,1770.3964,266.67,186,0,Friday,April,7,56.0,1.0,0.0,0.0,0.0,0.0
428,2023-04-08,1641.6559,273.43,249,0,Saturday,April,6,0.0,0.0,0.0,0.0,0.0,0.0
429,2023-04-09,1489.9989,278.8,161,0,Sunday,April,9,0.0,0.0,0.0,0.0,74.0,1.0
430,2023-04-10,2110.8184,259.56,290,0,Monday,April,10,0.0,1.0,0.0,0.0,92.0,1.0
431,2023-04-11,2391.6212,260.27,135,0,Tuesday,April,18,0.0,0.0,126.0,1.0,0.0,0.0
432,2023-04-12,2072.0658,262.08,280,0,Wednesday,April,8,0.0,0.0,0.0,0.0,0.0,0.0
433,2023-04-13,2549.2454,253.94,224,0,Thursday,April,9,0.0,0.0,0.0,0.0,0.0,0.0
434,2023-04-14,2347.7325,238.9,152,0,Friday,April,15,0.0,0.0,0.0,0.0,0.0,0.0
435,2023-04-15,1955.1076,280.31,297,0,Saturday,April,10,0.0,0.0,0.0,0.0,117.0,1.0
436,2023-04-16,1900.5435,274.39,177,0,Sunday,April,5,0.0,0.0,0.0,0.0,0.0,0.0
437,2023-04-17,2465.5745,250.31,238,0,Monday,April,18,0.0,1.0,0.0,0.0,70.0,1.0
438,2023-04-18,3021.417,261.89,202,0,Tuesday,April,20,0.0,0.0,128.0,1.0,0.0,0.0
439,2023-04-19,2799.4523,259.26,275,0,Wednesday,April,12,0.0,0.0,84.0,1.0,33.0,1.0
440,2023-04-20,2358.4893,254.41,124,0,Thursday,April,18,0.0,0.0,0.0,0.0,69.5,2.0
441,2023-04-21,2985.3628,254.66,294,0,Friday,April,17,0.0,0.0,0.0,0.0,0.0,0.0
442,2023-04-22,2384.3848,271.13,191,0,Saturday,April,9,0.0,0.0,0.0,0.0,0.0,0.0
443,2023-04-23,2756.3805,313.23,258,0,Sunday,April,7,0.0,0.0,0.0,0.0,0.0,0.0
444,2023-04-24,4186.2582,244.7,167,0,Monday,April,15,4.0,1.0,0.0,0.0,0.0,0.0
445,2023-04-25,3447.0656,264.02,292,0,Tuesday,April,11,5.0,1.0,0.0,0.0,0.0,0.0
446,2023-04-26,3450.4093,263.59,141,0,Wednesday,April,18,2.3333333333333335,3.0,0.0,0.0,65.0,2.0
447,2023-04-27,2229.405,265.56,286,0,Thursday,April,5,0.0,1.0,0.0,0.0,76.0,1.0
448,2023-04-28,2498.0539670413614,278.27,220,0,Friday,April,5,0.0,0.0,170.0,1.0,41.0,1.0
449,2023-04-29,2207.6252231674807,255.94,147,0,Saturday,April,3,0.0,0.0,0.0,0.0,100.0,1.0
450,2023-04-30,2358.519071616809,270.71,299,0,Sunday,April,2,0.0,0.0,0.0,0.0,0.0,0.0
451,2023-05-01,1887.9175,237.19,179,0,Monday,May,9,2.0,1.0,147.0,1.0,0.0,0.0
452,2023-05-02,2125.674,265.72,232,0,Tuesday,May,8,0.0,0.0,0.0,0.0,0.0,0.0
453,2023-05-03,1763.6582,255.2,196,0,Wednesday,May,6,0.0,0.0,58.0,1.0,191.0,1.0
454,2023-05-04,1807.89,250.14,268,0,Thursday,May,9,0.0,0.0,0.0,0.0,0.0,0.0
455,2023-05-05,1511.4271,251.44,120,0,Friday,May,9,0.0,0.0,0.0,0.0,0.0,0.0
456,2023-05-06,1399.281,273.28,296,0,Saturday,May,4,0.0,0.0,0.0,0.0,276.0,1.0
457,2023-05-07,1339.3661,274.26,185,0,Sunday,May,7,0.0,0.0,0.0,0.0,205.0,1.0
458,2023-05-08,3131.8552,255.21,248,0,Monday,May,15,0.0,0.0,0.0,0.0,0.0,0.0
459,2023-05-09,2134.2434,258.44,160,0,Tuesday,May,17,0.0,0.0,181.0,1.0,93.0,1.0
460,2023-05-10,2076.7416,249.94,291,0,Wednesday,May,13,6.5,2.0,0.0,0.0,0.0,0.0
461,2023-05-11,2434.7965,246.5,134,0,Thursday,May,10,0.0,0.0,0.0,0.0,0.0,0.0
462,2023-05-12,1434.3581,259.65,279,0,Friday,May,5,0.0,0.0,0.0,0.0,0.0,0.0
463,2023-05-13,1482.219,269.78,223,0,Saturday,May,4,0.0,0.0,0.0,0.0,0.0,0.0
464,2023-05-14,1873.7988,265.97,151,0,Sunday,May,4,0.0,0.0,0.0,0.0,0.0,0.0
465,2023-05-15,2251.7132,250.35,296,0,Monday,May,10,39.0,1.0,116.0,1.0,0.0,0.0
466,2023-05-16,2351.7145,260.87,176,0,Tuesday,May,11,0.0,1.0,0.0,0.0,57.0,1.0
467,2023-05-17,2798.0029,251.82,237,0,Wednesday,May,16,0.0,0.0,0.0,0.0,0.0,0.0
468,2023-05-18,2617.6775,258.23,201,0,Thursday,May,9,0.0,0.0,0.0,0.0,126.0,1.0
469,2023-05-19,2245.2006,221.15,274,0,Friday,May,5,0.0,0.0,0.0,0.0,0.0,0.0
470,2023-05-20,2267.9063,268.5,123,0,Saturday,May,6,0.0,0.0,0.0,0.0,0.0,0.0
471,2023-05-21,2020.903,268.65,295,0,Sunday,May,5,0.0,0.0,0.0,0.0,0.0,0.0
472,2023-05-22,2659.3596,253.46,190,0,Monday,May,14,0.0,0.0,33.0,1.0,0.0,0.0
473,2023-05-23,2549.6385,269.18,257,0,Tuesday,May,11,0.0,0.0,68.0,1.0,136.0,1.0
474,2023-05-24,2837.6226,236.11,166,0,Wednesday,May,8,0.0,1.0,0.0,0.0,69.0,1.0
475,2023-05-25,2784.7603,263.11,291,0,Thursday,May,9,40.0,1.0,307.0,1.0,82.0,1.0
476,2023-05-26,2266.2705,277.18,140,0,Friday,May,9,3.0,1.0,0.0,0.0,0.0,0.0
477,2023-05-27,1882.5923,270.07,285,0,Saturday,May,5,0.0,0.0,0.0,0.0,0.0,0.0
478,2023-05-28,1948.1198,265.98,219,0,Sunday,May,3,0.0,0.0,0.0,0.0,0.0,0.0
479,2023-05-29,2044.1953,255.58,146,0,Monday,May,3,0.0,0.0,0.0,0.0,0.0,0.0
480,2023-05-30,1676.5556,251.53,300,0,Tuesday,May,18,0.0,0.0,0.0,0.0,0.0,0.0
481,2023-05-31,1450.8748,272.09,178,0,Wednesday,May,8,0.0,0.0,0.0,0.0,0.0,0.0
482,2023-06-01,2718.9922,286.49,231,0,Thursday,June,16,78.0,1.0,0.0,0.0,201.0,1.0
483,2023-06-02,2291.2192,279.31,195,0,Friday,June,8,0.0,0.0,0.0,0.0,0.0,0.0
484,2023-06-03,1967.4113,267.43,267,0,Saturday,June,3,0.0,0.0,0.0,0.0,0.0,0.0
485,2023-06-04,1835.3729,271.38,119,0,Sunday,June,8,0.0,0.0,0.0,0.0,86.0,1.0
486,2023-06-05,2425.0712,271.88,297,0,Monday,June,15,0.0,0.0,0.0,0.0,0.0,0.0
487,2023-06-06,2440.7024,272.84,184,0,Tuesday,June,13,0.0,0.0,116.0,1.0,0.0,0.0
488,2023-06-07,2205.3787,264.67,247,0,Wednesday,June,12,29.5,2.0,0.0,0.0,61.0,1.0
489,2023-06-08,2329.706,253.88,159,0,Thursday,June,9,21.0,1.0,41.0,1.0,0.0,0.0
490,2023-06-09,2044.0045,264.67,292,0,Friday,June,12,15.0,1.0,0.0,0.0,0.0,0.0
491,2023-06-10,1591.1495,265.14,133,0,Saturday,June,6,0.0,0.0,0.0,0.0,0.0,0.0
492,2023-06-11,1753.6927,280.26,278,0,Sunday,June,8,0.0,0.0,0.0,0.0,0.0,0.0
493,2023-06-12,2291.8903,260.26,222,0,Monday,June,10,0.0,0.0,91.0,1.0,0.0,0.0
494,2023-06-13,1837.3306,246.56,150,0,Tuesday,June,12,0.0,1.0,0.0,0.0,49.0,1.0
495,2023-06-14,2098.9543,261.99,295,0,Wednesday,June,11,0.0,0.0,55.0,1.0,0.0,0.0
496,2023-06-15,2439.2867,249.99,175,0,Thursday,June,18,0.0,0.0,0.0,0.0,130.0,1.0
497,2023-06-16,2342.9868,270.71,236,0,Friday,June,11,0.0,0.0,0.0,0.0,0.0,0.0
498,2023-06-17,2113.7055,269.67,200,0,Saturday,June,8,0.0,0.0,0.0,0.0,0.0,0.0
499,2023-06-18,1960.6696,276.2,273,0,Sunday,June,6,0.0,0.0,0.0,0.0,0.0,0.0
500,2023-06-19,2676.5744,239.31,122,0,Monday,June,14,0.0,0.0,54.0,1.0,0.0,0.0
501,2023-06-20,2957.6449,262.49,296,0,Tuesday,June,19,0.0,0.0,0.0,0.0,0.0,0.0
502,2023-06-21,2916.6382,264.99,189,0,Wednesday,June,16,0.0,0.0,101.0,1.0,172.0,2.0
503,2023-06-22,3087.7488,276.18,256,0,Thursday,June,17,23.5,2.0,74.0,1.0,0.0,0.0
504,2023-06-23,3080.1223,233.92,165,0,Friday,June,10,0.0,0.0,120.0,1.0,122.0,1.0
505,2023-06-24,2612.3093,286.96,290,1,Saturday,June,3,0.0,0.0,0.0,0.0,0.0,0.0
506,2023-06-25,2103.3274,285.15,139,1,Sunday,June,3,0.0,0.0,0.0,0.0,0.0,0.0
507,2023-06-26,3447.522,255.07,284,1,Monday,June,10,7.0,2.0,70.0,1.0,79.0,1.0
508,2023-06-27,668.1377,278.95,218,1,Tuesday,June,10,13.5,2.0,0.0,0.0,0.0,0.0
509,2023-06-28,1017.7163,278.65,145,1,Wednesday,June,10,0.0,0.0,0.0,0.0,0.0,0.0
510,2023-06-29,725.1717,254.52,299,1,Thursday,June,2,0.0,0.0,139.0,1.0,0.0,0.0
511,2023-06-30,595.1414,243.69,177,1,Friday,June,7,0.0,0.0,0.0,0.0,117.0,1.0
512,2023-07-01,635.7278,265.51,230,0,Saturday,July,3,0.0,0.0,0.0,0.0,0.0,0.0
513,2023-07-02,835.0584,277.82,194,0,Sunday,July,2,0.0,0.0,0.0,0.0,0.0,0.0
514,2023-07-03,679.0146,258.46,266,0,Monday,July,6,0.0,0.0,0.0,0.0,0.0,0.0
515,2023-07-04,675.5033,257.32,118,0,Tuesday,July,1,0.0,0.0,0.0,0.0,0.0,0.0
516,2023-07-05,3335.1206,259.46,298,0,Wednesday,July,11,0.0,0.0,177.0,1.0,316.0,1.0
517,2023-07-06,3022.4684,255.38,183,0,Thursday,July,9,0.0,0.0,0.0,0.0,0.0,0.0
518,2023-07-07,2989.511,257.32,246,0,Friday,July,15,0.0,0.0,92.0,1.0,0.0,0.0
519,2023-07-08,2520.9036,264.58,158,0,Saturday,July,7,0.0,0.0,0.0,0.0,0.0,0.0
520,2023-07-09,2702.9472,267.33,293,0,Sunday,July,7,0.0,0.0,0.0,0.0,46.0,1.0
521,2023-07-10,3280.385,245.37,132,0,Monday,July,9,0.0,0.0,0.0,0.0,0.0,0.0
522,2023-07-11,2913.2007,259.59,277,0,Tuesday,July,20,0.0,0.0,84.0,2.0,0.0,0.0
523,2023-07-12,2626.6693,257.95,221,0,Wednesday,July,13,0.0,0.0,66.5,2.0,69.0,1.0
524,2023-07-13,2825.316,257.58,149,0,Thursday,July,14,1.0,1.0,84.0,1.0,0.0,0.0
525,2023-07-14,2049.6661,256.92,294,0,Friday,July,13,0.0,0.0,0.0,0.0,0.0,0.0
526,2023-07-15,1841.4976,274.85,174,0,Saturday,July,10,0.0,0.0,0.0,0.0,78.5,2.0
527,2023-07-16,1981.509,273.93,235,0,Sunday,July,2,0.0,0.0,0.0,0.0,0.0,0.0
528,2023-07-17,2748.528,239.13,199,0,Monday,July,20,0.0,0.0,116.0,1.0,0.0,0.0
529,2023-07-18,2488.6215,258.38,272,0,Tuesday,July,14,0.0,0.0,0.0,0.0,0.0,0.0
530,2023-07-19,2300.7752,252.14,121,0,Wednesday,July,13,4.0,1.0,0.0,0.0,0.0,0.0
531,2023-07-20,2652.1752,265.21,297,0,Thursday,July,9,0.0,0.0,0.0,0.0,0.0,0.0
532,2023-07-21,2165.7006,365.4194913766789,188,0,Friday,July,14,6.0,1.0,0.0,0.0,0.0,0.0
533,2023-07-22,1951.8166,379.56241140109887,255,0,Saturday,July,9,0.0,0.0,0.0,0.0,0.0,0.0
534,2023-07-23,1704.4681,389.5694730616606,164,0,Sunday,July,2,0.0,0.0,0.0,0.0,0.0,0.0
535,2023-07-24,2667.3766,372.9739302503053,289,0,Monday,July,14,0.0,0.0,193.0,1.0,60.5,2.0
536,2023-07-25,2412.4914,361.24,138,0,Tuesday,July,17,0.0,0.0,0.0,0.0,0.0,0.0
537,2023-07-26,2163.0074,363.79,283,0,Wednesday,July,14,0.0,0.0,0.0,0.0,0.0,0.0
538,2023-07-27,1272.3769,420.64,217,0,Thursday,July,10,0.0,0.0,0.0,0.0,0.0,0.0
539,2023-07-28,1173.8088,420.53,144,0,Friday,July,8,36.5,2.0,0.0,0.0,55.0,1.0
540,2023-07-29,1313.1479,405.62,298,0,Saturday,July,9,0.0,0.0,0.0,0.0,0.0,0.0
541,2023-07-30,1490.1509,426.99,176,0,Sunday,July,7,0.0,0.0,0.0,0.0,0.0,0.0
542,2023-07-31,1341.8599,311.44,229,0,Monday,July,20,7.0,1.0,0.0,0.0,0.0,0.0
543,2023-08-01,2456.4762,270.56,193,0,Tuesday,August,5,0.0,0.0,59.0,2.0,0.0,0.0
544,2023-08-02,2783.2202,269.32,265,0,Wednesday,August,19,0.0,0.0,0.0,0.0,0.0,0.0
545,2023-08-03,2225.3424,264.29,117,0,Thursday,August,11,0.0,0.0,0.0,0.0,0.0,0.0
546,2023-08-04,2025.6822,256.46,299,0,Friday,August,9,7.0,1.0,0.0,0.0,150.0,2.0
547,2023-08-05,2084.699,266.8,182,0,Saturday,August,5,0.0,0.0,0.0,0.0,157.0,1.0
548,2023-08-06,2105.6975,276.93,245,0,Sunday,August,7,0.0,0.0,0.0,0.0,0.0,0.0
549,2023-08-07,2366.578,259.94,157,0,Monday,August,6,38.0,1.0,80.5,2.0,0.0,0.0
550,2023-08-08,2235.4974,266.82,294,0,Tuesday,August,10,0.0,0.0,0.0,0.0,0.0,0.0
551,2023-08-09,2172.6839,264.32,131,0,Wednesday,August,9,5.0,1.0,0.0,0.0,0.0,0.0
552,2023-08-10,2067.7859,257.72,276,0,Thursday,August,4,0.0,0.0,105.0,2.0,0.0,0.0
553,2023-08-11,2171.91,259.03,220,0,Friday,August,12,6.0,1.0,0.0,0.0,0.0,0.0
554,2023-08-12,1633.6885,275.0,148,0,Saturday,August,9,0.0,0.0,0.0,0.0,0.0,0.0
555,2023-08-13,2223.8646,275.31,293,0,Sunday,August,7,0.0,0.0,0.0,0.0,0.0,0.0
556,2023-08-14,2365.5852,259.63,173,0,Monday,August,17,0.0,0.0,0.0,0.0,63.0,1.0
557,2023-08-15,2170.042,264.04,234,0,Tuesday,August,13,0.0,0.0,82.0,1.0,90.0,1.0
558,2023-08-16,2029.028,267.19,198,0,Wednesday,August,11,0.0,0.0,0.0,0.0,0.0,0.0
559,2023-08-17,2114.869,250.83,271,0,Thursday,August,10,0.0,0.0,0.0,0.0,0.0,0.0
560,2023-08-18,1603.8894,250.72,120,0,Friday,August,12,0.0,0.0,0.0,0.0,0.0,0.0
561,2023-08-19,1513.1132,241.65,298,0,Saturday,August,3,0.0,0.0,0.0,0.0,0.0,0.0
562,2023-08-20,2058.9293,278.7,187,0,Sunday,August,5,0.0,0.0,0.0,0.0,0.0,0.0
563,2023-08-21,2531.7311,260.04,254,0,Monday,August,18,0.0,0.0,0.0,0.0,86.0,2.0
564,2023-08-22,2132.0317,263.69,163,0,Tuesday,August,12,0.0,0.0,0.0,0.0,0.0,0.0
565,2023-08-23,2042.4459,249.0,288,0,Wednesday,August,7,2.0,1.0,0.0,0.0,0.0,0.0
566,2023-08-24,2044.1337,267.46,137,0,Thursday,August,16,0.0,0.0,46.0,1.0,0.0,0.0
567,2023-08-25,1810.0806,249.49,282,0,Friday,August,10,21.0,1.0,0.0,0.0,70.0,1.0
568,2023-08-26,1458.6197,262.27,216,0,Saturday,August,7,0.0,0.0,0.0,0.0,0.0,0.0
569,2023-08-27,2209.7238,268.61,143,0,Sunday,August,13,0.0,0.0,0.0,0.0,0.0,0.0
570,2023-08-28,2020.0321,261.71,297,0,Monday,August,14,0.0,1.0,0.0,0.0,63.0,1.0
571,2023-08-29,1863.1021,252.78,175,0,Tuesday,August,16,7.666666666666667,3.0,86.0,1.0,112.5,2.0
572,2023-08-30,1828.5862,242.43,228,0,Wednesday,August,8,19.0,2.0,0.0,0.0,0.0,0.0
573,2023-08-31,1588.3701,279.5,192,0,Thursday,August,12,0.0,1.0,0.0,0.0,55.0,1.0
574,2023-09-01,1933.3654,272.62,264,0,Friday,September,10,58.0,1.0,0.0,0.0,167.0,1.0
575,2023-09-02,1948.2755,273.13,116,0,Saturday,September,5,0.0,0.0,0.0,0.0,0.0,0.0
576,2023-09-03,1871.7187,273.24,300,0,Sunday,September,9,0.0,0.0,0.0,0.0,45.0,1.0
577,2023-09-04,1859.9685,266.85,181,0,Monday,September,5,0.0,0.0,0.0,0.0,0.0,0.0
578,2023-09-05,2565.0706,277.54,244,0,Tuesday,September,11,0.0,0.0,0.0,0.0,0.0,0.0
579,2023-09-06,2534.8995,277.72,156,0,Wednesday,September,11,0.0,0.0,0.0,0.0,0.0,0.0
580,2023-09-07,2617.9517,269.64,295,0,Thursday,September,12,0.0,0.0,0.0,0.0,0.0,0.0
581,2023-09-08,2331.8841,258.97,130,0,Friday,September,12,24.0,1.0,0.0,0.0,90.0,1.0
582,2023-09-09,1859.8965,284.2,275,0,Saturday,September,4,0.0,0.0,0.0,0.0,0.0,0.0
583,2023-09-10,2364.1884,273.24,219,0,Sunday,September,11,0.0,0.0,0.0,0.0,0.0,0.0
584,2023-09-11,2613.5139,273.11,147,0,Monday,September,14,0.0,0.0,0.0,0.0,0.0,0.0
585,2023-09-12,2261.0569,272.03,292,0,Tuesday,September,5,0.0,0.0,0.0,0.0,0.0,0.0
586,2023-09-13,2515.6176,252.12,172,0,Wednesday,September,5,133.0,1.0,65.0,2.0,82.0,1.0
587,2023-09-14,2291.8928,268.83,233,0,Thursday,September,12,6.0,1.0,0.0,0.0,0.0,0.0
588,2023-09-15,2061.6034,261.09,197,0,Friday,September,10,0.0,0.0,0.0,0.0,0.0,0.0
589,2023-09-16,2273.0243,269.93,270,0,Saturday,September,7,0.0,0.0,0.0,0.0,0.0,0.0
590,2023-09-17,1749.1186,290.92,119,0,Sunday,September,7,0.0,0.0,0.0,0.0,0.0,0.0
591,2023-09-18,2780.8892,274.75,299,0,Monday,September,14,0.0,0.0,0.0,0.0,0.0,0.0
592,2023-09-19,2967.0294,269.14,186,0,Tuesday,September,10,0.0,0.0,69.0,1.0,0.0,0.0
593,2023-09-20,2706.0377,264.37,253,0,Wednesday,September,10,0.0,0.0,285.0,1.0,0.0,0.0
594,2023-09-21,2979.9915,255.23,162,0,Thursday,September,17,0.0,0.0,91.0,3.0,51.0,2.0
595,2023-09-22,1668.6946,250.01,287,0,Friday,September,5,19.0,1.0,0.0,0.0,0.0,0.0
596,2023-09-23,1547.2102,273.73,136,0,Saturday,September,8,0.0,0.0,0.0,0.0,0.0,0.0
597,2023-09-24,1829.6275,264.19,281,1,Sunday,September,4,0.0,0.0,0.0,0.0,0.0,0.0
598,2023-09-25,1786.6799,258.66,215,1,Monday,September,18,0.0,0.0,0.0,0.0,0.0,0.0
599,2023-09-26,2030.6032,258.5,142,1,Tuesday,September,13,314.0,1.0,0.0,0.0,0.0,0.0
600,2023-09-27,1948.9351,256.57,296,1,Wednesday,September,12,0.0,0.0,184.0,1.0,224.0,1.0
601,2023-09-28,1931.7506,250.49,174,1,Thursday,September,7,319.0,1.0,75.0,1.0,284.0,1.0
602,2023-09-29,1601.4743,238.96,227,1,Friday,September,5,8.5,2.0,0.0,0.0,0.0,0.0
603,2023-09-30,1267.7707,264.7,191,1,Saturday,September,1,0.0,0.0,0.0,0.0,0.0,0.0
604,2023-10-01,1603.3484,278.4,263,0,Sunday,October,5,0.0,0.0,0.0,0.0,0.0,0.0
605,2023-10-02,1866.7175,271.51,115,0,Monday,October,14,2.5,2.0,70.0,1.0,111.5,2.0
606,2023-10-03,1805.6234,260.28,299,0,Tuesday,October,5,1.0,1.0,43.0,1.0,0.0,0.0
607,2023-10-04,1444.7339,254.19,180,0,Wednesday,October,13,13.0,1.0,0.0,0.0,123.5,2.0
608,2023-10-05,1938.4595,257.46,243,0,Thursday,October,9,0.0,0.0,82.0,1.0,0.0,0.0
609,2023-10-06,2138.758,263.66,155,0,Friday,October,7,0.0,0.0,136.0,1.0,0.0,0.0
610,2023-10-07,1738.9183,263.09,296,0,Saturday,October,3,0.0,0.0,0.0,0.0,0.0,0.0
611,2023-10-08,1866.4739,264.07,129,0,Sunday,October,5,0.0,0.0,0.0,0.0,0.0,0.0
612,2023-10-09,2612.8898,257.02,274,0,Monday,October,5,5.0,1.0,0.0,0.0,0.0,0.0
613,2023-10-10,2279.3781,254.79,218,0,Tuesday,October,7,19.0,1.0,0.0,0.0,0.0,0.0
614,2023-10-11,2535.4433,259.5,146,0,Wednesday,October,10,0.0,0.0,0.0,0.0,0.0,0.0
615,2023-10-12,2314.3325,259.19,291,0,Thursday,October,9,0.0,0.0,0.0,0.0,158.0,1.0
616,2023-10-13,2058.8591,233.5,171,0,Friday,October,10,49.0,1.0,0.0,0.0,0.0,0.0
617,2023-10-14,1614.9932,261.51,232,0,Saturday,October,5,0.0,0.0,0.0,0.0,121.0,1.0
618,2023-10-15,2201.8646,269.85,196,0,Sunday,October,5,0.0,0.0,0.0,0.0,0.0,0.0
619,2023-10-16,2364.2878,258.44,269,0,Monday,October,14,1.0,2.0,63.0,1.0,99.0,1.0
620,2023-10-17,2176.0944,260.09,118,0,Tuesday,October,4,0.0,0.0,0.0,0.0,0.0,0.0
621,2023-10-18,2056.5042,256.05,300,0,Wednesday,October,12,0.0,0.0,45.0,1.0,0.0,0.0
622,2023-10-19,2103.3318,265.83,185,0,Thursday,October,11,0.0,0.0,0.0,0.0,75.0,1.0
623,2023-10-20,2031.9106,257.3,252,0,Friday,October,4,0.0,0.0,0.0,0.0,0.0,0.0
624,2023-10-21,1609.0524,255.47,161,0,Saturday,October,4,0.0,0.0,0.0,0.0,0.0,0.0
625,2023-10-22,2398.8601,258.01,286,0,Sunday,October,4,0.0,0.0,0.0,0.0,0.0,0.0
626,2023-10-23,2654.978,245.36,135,0,Monday,October,13,0.0,1.0,126.0,2.0,38.0,1.0
627,2023-10-24,2777.5181,261.88,280,0,Tuesday,October,12,0.0,0.0,0.0,0.0,0.0,0.0
628,2023-10-25,1897.1121,266.17,214,0,Wednesday,October,8,0.0,0.0,86.0,2.0,0.0,0.0
629,2023-10-26,2189.257,265.36,141,0,Thursday,October,13,0.0,1.0,0.0,0.0,55.0,1.0
630,2023-10-27,1893.3257,233.86,295,0,Friday,October,12,21.333333333333332,3.0,0.0,0.0,143.0,1.0
631,2023-10-28,1802.784,238.47,173,0,Saturday,October,7,0.0,0.0,0.0,0.0,0.0,0.0
632,2023-10-29,2121.8695,245.57,226,0,Sunday,October,8,0.0,0.0,0.0,0.0,0.0,0.0
633,2023-10-30,2080.138,253.46,190,0,Monday,October,15,0.0,1.0,63.0,1.0,59.0,1.0
634,2023-10-31,1806.7501,266.91,262,0,Tuesday,October,8,0.0,0.0,352.0,1.0,0.0,0.0
635,2023-11-01,2263.2025,266.28,114,0,Wednesday,November,8,28.0,1.0,0.0,0.0,0.0,0.0
636,2023-11-02,2352.2033,280.4,298,0,Thursday,November,9,0.0,0.0,0.0,0.0,0.0,0.0
637,2023-11-03,2046.9764,274.19,179,0,Friday,November,8,0.0,0.0,151.5,2.0,0.0,0.0
638,2023-11-04,1851.4311,283.78,242,0,Saturday,November,9,0.0,0.0,0.0,0.0,46.0,1.0
639,2023-11-05,2076.5625,299.86,154,0,Sunday,November,6,0.0,0.0,0.0,0.0,0.0,0.0
640,2023-11-06,2029.4005,277.53,297,0,Monday,November,15,0.0,1.0,0.0,0.0,99.0,1.0
641,2023-11-07,2297.4911,283.87,128,0,Tuesday,November,13,0.0,0.0,0.0,0.0,0.0,0.0
642,2023-11-08,2629.7537,283.3,273,0,Wednesday,November,11,0.0,0.0,48.0,1.0,0.0,0.0
643,2023-11-09,2134.8737,279.32,217,0,Thursday,November,9,0.0,0.0,0.0,0.0,0.0,0.0
644,2023-11-10,2191.9341,273.54,145,0,Friday,November,10,0.0,0.0,191.0,1.0,0.0,0.0
645,2023-11-11,2028.2094,281.03,290,0,Saturday,November,5,0.0,0.0,0.0,0.0,0.0,0.0
646,2023-11-12,1853.5281,288.17,170,0,Sunday,November,8,0.0,0.0,0.0,0.0,127.0,1.0
647,2023-11-13,2325.7757,286.23,231,0,Monday,November,11,9.0,1.0,90.0,1.0,0.0,0.0
648,2023-11-14,2279.0257,274.51,195,0,Tuesday,November,12,0.0,0.0,54.0,1.0,0.0,0.0
649,2023-11-15,2132.3822,276.09,268,0,Wednesday,November,9,0.0,0.0,0.0,0.0,0.0,0.0
650,2023-11-16,2343.0981,277.06,117,0,Thursday,November,9,0.0,0.0,0.0,0.0,0.0,0.0
651,2023-11-17,1958.899,271.05,299,0,Friday,November,9,0.0,1.0,0.0,0.0,257.0,1.0
652,2023-11-18,1736.0104,284.76,184,0,Saturday,November,8,0.0,0.0,0.0,0.0,0.0,0.0
653,2023-11-19,1850.8634,288.84,251,0,Sunday,November,8,0.0,0.0,46.0,1.0,0.0,0.0
654,2023-11-20,1937.0925,291.8,160,0,Monday,November,13,0.0,0.0,108.0,1.0,21.0,1.0
655,2023-11-21,2339.0507,273.56,285,0,Tuesday,November,13,1.0,1.0,0.0,0.0,0.0,0.0
656,2023-11-22,2072.1477,258.57,134,0,Wednesday,November,8,0.0,0.0,0.0,0.0,0.0,0.0
657,2023-11-23,1813.2512,266.14,279,0,Thursday,November,7,0.0,0.0,0.0,0.0,0.0,0.0
658,2023-11-24,1916.2989,260.59,213,0,Friday,November,6,0.0,0.0,0.0,0.0,0.0,0.0
659,2023-11-25,1876.2906,268.42,140,0,Saturday,November,9,0.0,0.0,0.0,0.0,0.0,0.0
660,2023-11-26,2067.5759,272.08,294,0,Sunday,November,4,0.0,0.0,0.0,0.0,0.0,0.0
661,2023-11-27,2285.5389,268.47,172,0,Monday,November,5,15.0,1.0,90.0,1.0,0.0,0.0
662,2023-11-28,2300.5617,247.47,225,0,Tuesday,November,12,0.0,0.0,205.0,1.0,37.0,1.0
663,2023-11-29,2603.0527,249.01,189,0,Wednesday,November,19,161.0,1.0,0.0,0.0,119.5,2.0
664,2023-11-30,662.7508,248.53,261,0,Thursday,November,4,0.0,0.0,38.0,1.0,39.0,1.0
665,2023-12-01,2245.0542,233.16,113,0,Friday,December,7,1.0,1.0,0.0,0.0,0.0,0.0
666,2023-12-02,1886.2771,245.6,297,0,Saturday,December,4,0.0,0.0,0.0,0.0,0.0,0.0
667,2023-12-03,2139.2323,263.85,178,0,Sunday,December,4,0.0,0.0,0.0,0.0,0.0,0.0
668,2023-12-04,2668.0063,245.09,241,0,Monday,December,13,0.0,0.0,82.0,1.0,0.0,0.0
669,2023-12-05,2532.2911,255.13,153,0,Tuesday,December,11,0.0,0.0,0.0,0.0,106.0,1.0
670,2023-12-06,2450.9732,246.12,298,0,Wednesday,December,17,0.0,0.0,0.0,0.0,0.0,0.0
671,2023-12-07,2269.8228,245.82,127,0,Thursday,December,13,0.0,0.0,90.0,1.0,49.0,1.0
672,2023-12-08,2257.7098,245.66,272,0,Friday,December,9,73.33333333333333,3.0,0.0,0.0,0.0,0.0
673,2023-12-09,2356.1253,250.58,216,0,Saturday,December,6,0.0,0.0,0.0,0.0,0.0,0.0
674,2023-12-10,2088.7652,256.65,144,0,Sunday,December,3,0.0,0.0,0.0,0.0,0.0,0.0
675,2023-12-11,2315.0185,209.88,289,0,Monday,December,14,0.0,0.0,21.0,1.0,0.0,0.0
676,2023-12-12,1881.3629,249.25,169,0,Tuesday,December,15,0.0,0.0,0.0,0.0,0.0,0.0
677,2023-12-13,2121.1966,239.57,230,0,Wednesday,December,15,0.0,1.0,0.0,0.0,90.0,1.0
678,2023-12-14,1989.4754,253.62,194,0,Thursday,December,8,16.0,1.0,73.0,1.0,0.0,0.0
679,2023-12-15,1755.4289,240.4,267,0,Friday,December,11,0.0,0.0,0.0,0.0,0.0,0.0
680,2023-12-16,1805.6978,248.22,116,0,Saturday,December,9,0.0,0.0,0.0,0.0,0.0,0.0
681,2023-12-17,1780.1316,258.72,300,0,Sunday,December,6,0.0,0.0,0.0,0.0,0.0,0.0
682,2023-12-18,1886.5604,251.13,183,0,Monday,December,12,0.0,0.0,0.0,0.0,0.0,0.0
683,2023-12-19,1918.2874,247.94,250,0,Tuesday,December,10,0.0,0.0,201.0,1.0,162.0,1.0
684,2023-12-20,1902.0156,219.97,159,0,Wednesday,December,14,69.0,1.0,50.5,2.0,0.0,0.0
685,2023-12-21,1826.3394,243.38,284,0,Thursday,December,13,0.0,0.0,0.0,0.0,58.0,2.0
686,2023-12-22,1811.4485,235.13,133,0,Friday,December,9,0.0,0.0,0.0,0.0,0.0,0.0
687,2023-12-23,1667.3826,251.67,278,0,Saturday,December,3,0.0,0.0,0.0,0.0,0.0,0.0
688,2023-12-24,1700.4139,243.87,212,0,Sunday,December,7,0.0,0.0,0.0,0.0,36.0,1.0
689,2023-12-25,1482.126,240.97,139,1,Monday,December,6,0.0,0.0,0.0,0.0,0.0,0.0
690,2023-12-26,2151.6817,237.76,293,1,Tuesday,December,10,11.333333333333334,3.0,0.0,0.0,0.0,0.0
691,2023-12-27,2045.1762,232.13,171,1,Wednesday,December,15,0.0,1.0,0.0,0.0,159.0,1.0
692,2023-12-28,2176.7683,225.82,224,1,Thursday,December,13,0.0,0.0,94.0,2.0,0.0,0.0
693,2023-12-29,1924.9205,228.01,188,1,Friday,December,7,0.0,0.0,0.0,0.0,0.0,0.0
694,2023-12-30,1148.3593,225.87,260,1,Saturday,December,4,0.0,0.0,0.0,0.0,0.0,0.0
695,2023-12-31,1033.2187,199.6,112,1,Sunday,December,4,0.0,0.0,0.0,0.0,0.0,0.0
696,2024-01-01,1286.7664,682.81,296,0,Monday,January,7,0.0,0.0,0.0,0.0,0.0,0.0
697,2024-01-02,2098.5563,671.99,177,0,Tuesday,January,8,0.0,0.0,75.0,1.0,48.0,1.0
698,2024-01-03,2427.544,657.43,240,0,Wednesday,January,15,13.0,1.0,0.0,0.0,187.0,1.0
699,2024-01-04,2343.5061,655.98,152,0,Thursday,January,12,0.0,1.0,37.0,1.0,113.0,2.0
700,2024-01-05,2284.6703,670.31,299,0,Friday,January,16,2.0,2.0,0.0,0.0,0.0,0.0
701,2024-01-06,2014.7141,683.49,126,0,Saturday,January,11,0.0,0.0,0.0,0.0,185.0,1.0
702,2024-01-07,2277.0282,696.53,271,0,Sunday,January,9,0.0,0.0,0.0,0.0,129.0,1.0
703,2024-01-08,2960.6031,677.78,215,0,Monday,January,17,2.0,1.0,39.0,1.0,53.0,1.0
704,2024-01-09,2723.9948,667.9,143,0,Tuesday,January,11,0.0,0.0,157.0,1.0,0.0,0.0
705,2024-01-10,2724.6179,664.41,288,0,Wednesday,January,9,0.0,0.0,0.0,0.0,0.0,0.0
706,2024-01-11,2460.1949,664.7,168,0,Thursday,January,9,21.5,2.0,135.0,1.0,132.0,1.0
707,2024-01-12,2433.1644,644.4,229,0,Friday,January,20,0.0,0.0,0.0,0.0,34.0,1.0
708,2024-01-13,2207.1793,667.93,193,0,Saturday,January,7,0.0,0.0,0.0,0.0,0.0,0.0
709,2024-01-14,2227.882,700.09,266,0,Sunday,January,10,0.0,0.0,0.0,0.0,0.0,0.0
710,2024-01-15,2358.8646,641.19,115,0,Monday,January,14,0.0,0.0,0.0,0.0,0.0,0.0
711,2024-01-16,2278.8216,653.0,299,0,Tuesday,January,9,0.0,0.0,0.0,0.0,0.0,0.0
712,2024-01-17,2378.9062,636.98,182,0,Wednesday,January,7,0.0,0.0,0.0,0.0,0.0,0.0
713,2024-01-18,2473.7423,604.93,249,0,Thursday,January,9,0.0,0.0,0.0,0.0,0.0,0.0
714,2024-01-19,2145.3055,606.26,158,0,Friday,January,11,16.0,1.0,0.0,0.0,0.0,0.0
715,2024-01-20,2005.5736,658.2,283,0,Saturday,January,4,0.0,0.0,0.0,0.0,0.0,0.0
716,2024-01-21,2152.1365,662.19,132,0,Sunday,January,10,0.0,0.0,0.0,0.0,0.0,0.0
717,2024-01-22,2721.9174,624.6,277,0,Monday,January,11,0.0,1.0,0.0,0.0,28.0,1.0
718,2024-01-23,2291.9062,651.12,211,0,Tuesday,January,7,0.0,0.0,99.0,1.0,0.0,0.0
719,2024-01-24,2296.0851,642.83,138,0,Wednesday,January,18,127.75,4.0,0.0,0.0,91.75,4.0
720,2024-01-25,2737.086,617.8,292,0,Thursday,January,9,9.0,2.0,49.0,1.0,0.0,0.0
721,2024-01-26,2667.1205,597.16,170,0,Friday,January,12,2.0,1.0,0.0,0.0,152.0,1.0
722,2024-01-27,2587.6975,634.12,223,0,Saturday,January,6,0.0,0.0,0.0,0.0,0.0,0.0
723,2024-01-28,2571.4192,656.11,187,0,Sunday,January,10,0.0,0.0,0.0,0.0,0.0,0.0
724,2024-01-29,3060.5871,639.46,259,0,Monday,January,19,0.0,1.0,36.0,1.0,86.0,1.0
725,2024-01-30,2716.3438,702.1,111,0,Tuesday,January,18,0.0,0.0,0.0,0.0,0.0,0.0
726,2024-01-31,2095.5233,694.23,295,0,Wednesday,January,9,0.0,1.0,0.0,0.0,105.0,1.0
727,2024-02-01,2858.6827,693.77,176,0,Thursday,February,13,0.0,0.0,0.0,0.0,0.0,0.0
728,2024-02-02,2875.2177,573.71,239,0,Friday,February,6,0.0,1.0,0.0,0.0,165.0,1.0
729,2024-02-03,2673.5687,694.92,151,0,Saturday,February,12,0.0,0.0,0.0,0.0,0.0,0.0
730,2024-02-04,2577.8032,716.72,300,0,Sunday,February,10,0.0,0.0,0.0,0.0,0.0,0.0
731,2024-02-05,3470.9953,672.57,125,0,Monday,February,23,6.0,2.0,0.0,0.0,49.0,1.0
732,2024-02-06,3610.3037,710.55,270,0,Tuesday,February,19,0.0,0.0,276.0,1.0,0.0,0.0
733,2024-02-07,3131.0221,693.73,214,0,Wednesday,February,12,0.0,0.0,48.0,1.0,96.0,1.0
734,2024-02-08,3888.8305,698.84,142,0,Thursday,February,21,0.0,0.0,0.0,0.0,99.5,2.0
735,2024-02-09,3086.9053,703.2,287,0,Friday,February,9,17.0,2.0,0.0,0.0,0.0,0.0
736,2024-02-10,2899.139,717.73,167,0,Saturday,February,14,0.0,0.0,0.0,0.0,30.0,1.0
737,2024-02-11,2729.9068,717.23,228,0,Sunday,February,9,0.0,0.0,0.0,0.0,0.0,0.0
738,2024-02-12,3801.7544,698.22,192,0,Monday,February,25,0.0,0.0,156.5,2.0,0.0,0.0
739,2024-02-13,3355.8246,697.08,265,0,Tuesday,February,16,0.0,0.0,99.0,1.0,0.0,0.0
740,2024-02-14,3023.2987,707.25,114,0,Wednesday,February,14,0.0,1.0,0.0,0.0,90.0,1.0
741,2024-02-15,2668.5025,638.47,298,0,Thursday,February,15,8.0,1.0,100.5,2.0,0.0,0.0
742,2024-02-16,2730.6903,672.24,181,0,Friday,February,15,0.0,0.0,0.0,0.0,60.0,1.0
743,2024-02-17,2567.1454,721.03,248,0,Saturday,February,7,0.0,0.0,0.0,0.0,0.0,0.0
744,2024-02-18,2589.8536,737.85,157,0,Sunday,February,14,0.0,0.0,0.0,0.0,0.0,0.0
745,2024-02-19,2608.3482,699.97,282,0,Monday,February,15,3.0,1.0,38.0,2.0,0.0,0.0
746,2024-02-20,2758.0467,706.23,131,0,Tuesday,February,15,0.0,0.0,0.0,0.0,0.0,0.0
747,2024-02-21,2606.3002,694.61,276,0,Wednesday,February,15,11.0,1.0,0.0,0.0,110.0,1.0
748,2024-02-22,2420.0148,674.98,210,0,Thursday,February,14,0.0,0.0,0.0,0.0,88.0,1.0
749,2024-02-23,1896.864,674.94,137,0,Friday,February,15,1.0,1.0,0.0,0.0,107.5,2.0
750,2024-02-24,1763.5453,695.82,291,0,Saturday,February,5,0.0,0.0,0.0,0.0,0.0,0.0
751,2024-02-25,1921.0713,708.78,169,0,Sunday,February,7,0.0,0.0,0.0,0.0,0.0,0.0
752,2024-02-26,2094.7611,694.5,222,0,Monday,February,13,0.0,0.0,0.0,0.0,0.0,0.0
753,2024-02-27,1955.1649,699.03,186,0,Tuesday,February,14,6.0,1.0,79.0,2.0,0.0,0.0
754,2024-02-28,2219.7253,668.14,258,0,Wednesday,February,14,0.0,0.0,143.5,2.0,0.0,0.0
755,2024-02-29,1745.4818,640.9,110,0,Thursday,February,10,0.0,0.0,150.0,1.0,0.0,0.0
756,2024-03-01,2590.8919,624.53,294,0,Friday,March,13,22.0,1.0,53.0,1.0,94.0,1.0
757,2024-03-02,2257.0516,665.1,175,0,Saturday,March,6,0.0,0.0,0.0,0.0,0.0,0.0
758,2024-03-03,2564.4964,709.53,238,0,Sunday,March,12,0.0,0.0,0.0,0.0,0.0,0.0
759,2024-03-04,2526.5459,678.14,150,0,Monday,March,20,0.0,0.0,0.0,0.0,0.0,0.0
760,2024-03-05,2951.6596,653.28,299,0,Tuesday,March,17,4.0,1.0,0.0,0.0,91.0,1.0
761,2024-03-06,2437.6058,639.62,124,0,Wednesday,March,15,0.0,0.0,0.0,0.0,0.0,0.0
762,2024-03-07,3315.3145,626.26,269,0,Thursday,March,20,0.0,0.0,0.0,0.0,103.0,1.0
763,2024-03-08,2631.1582,638.57,213,0,Friday,March,15,22.5,2.0,0.0,0.0,45.0,1.0
764,2024-03-09,2676.1164,659.86,141,0,Saturday,March,5,0.0,0.0,0.0,0.0,0.0,0.0
765,2024-03-10,2548.0725,646.81,286,0,Sunday,March,9,0.0,0.0,0.0,0.0,0.0,0.0
766,2024-03-11,2752.0418,646.69,166,0,Monday,March,22,3.0,1.0,30.0,1.0,0.0,0.0
767,2024-03-12,3269.1806,664.06,227,0,Tuesday,March,12,0.0,1.0,90.0,1.0,167.0,1.0
768,2024-03-13,3224.8639,653.59,191,0,Wednesday,March,7,0.0,0.0,0.0,0.0,0.0,0.0
769,2024-03-14,3091.1274,630.84,264,0,Thursday,March,16,0.0,1.0,0.0,0.0,70.0,1.0
770,2024-03-15,2849.9827,649.7,113,0,Friday,March,5,0.0,0.0,0.0,0.0,0.0,0.0
771,2024-03-16,2704.5203,668.56,297,0,Saturday,March,16,0.0,0.0,0.0,0.0,0.0,0.0
772,2024-03-17,2572.2189,696.07,180,0,Sunday,March,10,0.0,0.0,0.0,0.0,0.0,0.0
773,2024-03-18,2748.4244,640.66,247,0,Monday,March,17,0.0,0.0,142.66666666666666,3.0,0.0,0.0
774,2024-03-19,3189.64,638.9,156,0,Tuesday,March,10,0.0,0.0,0.0,0.0,0.0,0.0
775,2024-03-20,3772.304,624.15,281,0,Wednesday,March,14,26.0,1.0,106.0,1.0,0.0,0.0
776,2024-03-21,3085.0862,648.86,130,0,Thursday,March,14,0.0,0.0,0.0,0.0,0.0,0.0
777,2024-03-22,2437.1954,616.98,275,0,Friday,March,12,0.0,1.0,0.0,0.0,60.0,1.0
778,2024-03-23,2306.5325,649.05,209,0,Saturday,March,4,0.0,0.0,0.0,0.0,0.0,0.0
779,2024-03-24,2533.3934,650.37,136,0,Sunday,March,14,0.0,0.0,0.0,0.0,0.0,0.0
780,2024-03-25,2695.4888,649.77,290,1,Monday,March,11,0.0,0.0,49.0,1.0,0.0,0.0
781,2024-03-26,2911.6073,637.21,168,1,Tuesday,March,20,0.0,1.0,0.0,0.0,53.5,2.0
782,2024-03-27,3248.7528,630.6,221,1,Wednesday,March,16,0.0,0.0,0.0,0.0,0.0,0.0
783,2024-03-28,2993.2779,629.07,185,1,Thursday,March,15,0.0,0.0,0.0,0.0,0.0,0.0
784,2024-03-29,2805.3115,662.74,257,1,Friday,March,14,8.333333333333334,3.0,0.0,0.0,109.0,1.0
785,2024-03-30,2334.7899,682.07,109,1,Saturday,March,4,0.0,0.0,0.0,0.0,0.0,0.0
786,2024-03-31,2805.6214,686.49,293,1,Sunday,March,8,0.0,0.0,0.0,0.0,0.0,0.0
787,2024-04-01,3510.4263,697.43,174,0,Monday,April,17,0.0,0.0,0.0,0.0,0.0,0.0
788,2024-04-02,3365.1886,630.73,237,0,Tuesday,April,16,0.0,0.0,0.0,0.0,0.0,0.0
789,2024-04-03,3322.9605,668.77,149,0,Wednesday,April,19,0.0,0.0,0.0,0.0,126.0,1.0
790,2024-04-04,3133.5703,657.53,300,0,Thursday,April,19,0.0,0.0,0.0,0.0,68.0,1.0
791,2024-04-05,3034.3382,666.88,123,0,Friday,April,19,0.0,0.0,0.0,0.0,0.0,0.0
792,2024-04-06,2425.2849,676.02,268,0,Saturday,April,9,0.0,0.0,0.0,0.0,0.0,0.0
793,2024-04-07,2749.2375,721.36,212,0,Sunday,April,11,0.0,0.0,0.0,0.0,0.0,0.0
794,2024-04-08,3873.8017,662.15,140,0,Monday,April,24,0.0,0.0,95.0,1.0,123.0,2.0
795,2024-04-09,3693.1007,677.13,285,0,Tuesday,April,16,5.0,1.0,0.0,0.0,0.0,0.0
796,2024-04-10,3116.9933,668.51,165,0,Wednesday,April,16,0.0,0.0,0.0,0.0,0.0,0.0
797,2024-04-11,3009.2335,669.46,226,0,Thursday,April,12,3.0,1.0,0.0,0.0,0.0,0.0
798,2024-04-12,2432.3742,657.4,190,0,Friday,April,17,560.0,1.0,542.0,1.0,0.0,0.0
799,2024-04-13,2035.5134,668.61,263,0,Saturday,April,8,0.0,0.0,0.0,0.0,0.0,0.0
800,2024-04-14,2443.7472,712.96,112,0,Sunday,April,11,0.0,0.0,0.0,0.0,0.0,0.0
801,2024-04-15,3605.722,687.64,296,0,Monday,April,20,0.0,0.0,0.0,0.0,0.0,0.0
802,2024-04-16,3123.6725,612.72,179,0,Tuesday,April,14,0.0,0.0,60.0,1.0,0.0,0.0
803,2024-04-17,3091.7011,645.4,246,0,Wednesday,April,15,0.0,0.0,0.0,0.0,0.0,0.0
804,2024-04-18,3004.3093,638.1,155,0,Thursday,April,14,0.0,1.0,0.0,0.0,92.5,2.0
805,2024-04-19,2921.5955,654.43,280,0,Friday,April,22,0.0,0.0,0.0,0.0,0.0,0.0
806,2024-04-20,2561.2195,676.64,129,0,Saturday,April,13,0.0,0.0,0.0,0.0,0.0,0.0
807,2024-04-21,3143.3936,701.03,274,0,Sunday,April,13,0.0,0.0,0.0,0.0,0.0,0.0
808,2024-04-22,3428.7838,681.01,208,0,Monday,April,23,4.0,1.0,123.0,2.0,0.0,0.0
809,2024-04-23,3218.124,658.03,135,0,Tuesday,April,21,0.0,0.0,0.0,0.0,79.0,1.0
810,2024-04-24,3179.1408,628.27,289,0,Wednesday,April,18,11.0,2.0,86.0,1.0,0.0,0.0
811,2024-04-25,3225.6518,639.14,166,0,Thursday,April,14,17.0,1.0,77.0,2.0,0.0,0.0
812,2024-04-26,2880.8438,635.35,220,0,Friday,April,17,0.0,0.0,149.0,1.0,0.0,0.0
813,2024-04-27,2597.3607,606.19,184,0,Saturday,April,4,0.0,0.0,0.0,0.0,0.0,0.0
814,2024-04-28,2665.9726,680.65,255,0,Sunday,April,13,0.0,0.0,0.0,0.0,0.0,0.0
815,2024-04-29,3332.1403,635.86,108,0,Monday,April,7,388.5,2.0,81.0,1.0,42.0,1.0
816,2024-04-30,3740.0586,599.8,292,0,Tuesday,April,18,0.0,0.0,0.0,0.0,0.0,0.0
817,2024-05-01,3936.3581,627.13,173,0,Wednesday,May,13,0.0,0.0,0.0,0.0,105.0,1.0
818,2024-05-02,3261.8977,659.72,236,0,Thursday,May,10,0.0,0.0,99.0,1.0,0.0,0.0
819,2024-05-03,2747.2345,576.94,147,0,Friday,May,19,2.0,1.0,0.0,0.0,0.0,0.0
820,2024-05-04,2547.083,673.72,298,0,Saturday,May,13,0.0,0.0,0.0,0.0,0.0,0.0
821,2024-05-05,2933.3031,716.63,121,0,Sunday,May,15,0.0,0.0,0.0,0.0,0.0,0.0
822,2024-05-06,3256.1564,544.28,266,0,Monday,May,13,0.0,0.0,0.0,0.0,0.0,0.0
823,2024-05-07,3070.7804,561.33,210,0,Tuesday,May,17,0.0,0.0,0.0,0.0,0.0,0.0
824,2024-05-08,2766.6613,588.09,138,0,Wednesday,May,18,0.0,0.0,224.0,1.0,0.0,0.0
825,2024-05-09,2772.4613,420.37,283,0,Thursday,May,15,0.0,0.0,44.0,1.0,33.0,1.0
826,2024-05-10,2835.0908,423.54,162,0,Friday,May,16,0.0,0.0,0.0,0.0,0.0,0.0
827,2024-05-11,2460.2918,556.53,225,0,Saturday,May,11,0.0,0.0,0.0,0.0,0.0,0.0
828,2024-05-12,2522.9224,712.03,187,0,Sunday,May,10,0.0,0.0,0.0,0.0,0.0,0.0
829,2024-05-13,3042.3003,678.03,260,0,Monday,May,13,80.0,1.0,96.0,1.0,0.0,0.0
830,2024-05-14,2830.4058,360.31,110,0,Tuesday,May,21,0.0,0.0,110.5,2.0,0.0,0.0
831,2024-05-15,2839.5568,798.24,295,0,Wednesday,May,19,0.0,0.0,275.6666666666667,3.0,0.0,0.0
832,2024-05-16,2722.7003,657.01,177,0,Thursday,May,15,0.0,1.0,316.0,1.0,102.0,1.0
833,2024-05-17,2754.5426,660.76,243,0,Friday,May,17,0.0,0.0,0.0,0.0,0.0,0.0
834,2024-05-18,2586.8091,720.95,151,0,Saturday,May,18,0.0,0.0,0.0,0.0,0.0,0.0
835,2024-05-19,2399.589,708.53,278,0,Sunday,May,9,0.0,0.0,0.0,0.0,0.0,0.0
836,2024-05-20,3190.5276,696.46,124,0,Monday,May,9,11.0,1.0,88.0,1.0,0.0,0.0
837,2024-05-21,2979.8212,680.83,270,0,Tuesday,May,12,0.0,1.0,306.0,2.0,55.0,1.0
838,2024-05-22,3096.4726,691.47,205,0,Wednesday,May,13,0.0,1.0,132.0,1.0,51.0,1.0
839,2024-05-23,2781.272,708.45,133,0,Thursday,May,19,0.0,1.0,70.0,1.0,81.0,1.0
840,2024-05-24,2829.8026,691.28,286,0,Friday,May,19,0.0,0.0,0.0,0.0,80.0,1.0
841,2024-05-25,2751.312,713.4,164,0,Saturday,May,13,0.0,0.0,0.0,0.0,0.0,0.0
842,2024-05-26,2717.2105,743.84,216,0,Sunday,May,9,0.0,0.0,0.0,0.0,0.0,0.0
843,2024-05-27,2333.9728,711.07,181,0,Monday,May,11,0.0,0.0,0.0,0.0,0.0,0.0
844,2024-05-28,3012.9723,659.61,253,0,Tuesday,May,15,2.0,2.0,63.0,1.0,77.0,1.0
845,2024-05-29,2894.3256,669.96,105,0,Wednesday,May,17,0.0,0.0,162.0,1.0,0.0,0.0
846,2024-05-30,2857.001,696.76,290,0,Thursday,May,13,0.0,0.0,0.0,0.0,0.0,0.0
847,2024-05-31,2733.5034,620.4,171,0,Friday,May,15,0.0,0.0,0.0,0.0,0.0,0.0
848,2024-06-01,2633.165,698.24,233,0,Saturday,June,10,0.0,0.0,0.0,0.0,73.0,1.0
849,2024-06-02,2802.4046,713.69,146,0,Sunday,June,10,0.0,0.0,0.0,0.0,0.0,0.0
850,2024-06-03,3319.5107,678.14,299,0,Monday,June,18,0.0,0.0,126.5,2.0,0.0,0.0
851,2024-06-04,3000.1463,701.51,120,0,Tuesday,June,9,0.0,0.0,91.0,1.0,0.0,0.0
852,2024-06-05,3049.7705,673.23,265,0,Wednesday,June,15,0.0,0.0,118.0,1.0,56.0,1.0
853,2024-06-06,2917.9324,574.71,209,0,Thursday,June,14,0.0,0.0,0.0,0.0,0.0,0.0
854,2024-06-07,2038.5375,666.54,137,0,Friday,June,6,0.0,0.0,0.0,0.0,0.0,0.0
855,2024-06-08,2020.9572,676.2,284,0,Saturday,June,5,0.0,0.0,0.0,0.0,0.0,0.0
856,2024-06-09,2180.2805,705.17,161,0,Sunday,June,9,0.0,0.0,0.0,0.0,0.0,0.0
857,2024-06-10,2666.6541,670.88,224,0,Monday,June,12,0.0,0.0,76.0,2.0,0.0,0.0
858,2024-06-11,3108.8017,652.02,189,0,Tuesday,June,8,3.0,2.0,50.5,2.0,79.0,1.0
859,2024-06-12,2581.856,618.54,262,0,Wednesday,June,11,0.0,0.0,0.0,0.0,0.0,0.0
860,2024-06-13,2721.1622,632.64,111,0,Thursday,June,14,0.0,1.0,141.0,1.0,82.0,1.0
861,2024-06-14,2656.8008,689.27,297,0,Friday,June,11,0.0,1.0,0.0,0.0,40.0,1.0
862,2024-06-15,1654.9512,654.04,176,0,Saturday,June,6,0.0,0.0,0.0,0.0,0.0,0.0
863,2024-06-16,1696.4779,724.4,245,0,Sunday,June,7,0.0,0.0,0.0,0.0,0.0,0.0
864,2024-06-17,3006.164,620.06,153,0,Monday,June,17,0.0,1.0,0.0,0.0,28.0,1.0
865,2024-06-18,3060.5778,690.39,279,0,Tuesday,June,6,0.0,0.0,103.0,1.0,0.0,0.0
866,2024-06-19,3100.5689,706.62,127,0,Wednesday,June,19,0.0,0.0,0.0,0.0,0.0,0.0
867,2024-06-20,3068.486,682.52,272,0,Thursday,June,12,19.0,1.0,0.0,0.0,0.0,0.0
868,2024-06-21,2545.5383,625.93,206,0,Friday,June,18,0.0,0.0,0.0,0.0,0.0,0.0
869,2024-06-22,2297.6388,705.69,134,0,Saturday,June,15,0.0,0.0,0.0,0.0,0.0,0.0
870,2024-06-23,1965.2971,715.18,288,0,Sunday,June,7,0.0,0.0,0.0,0.0,0.0,0.0
871,2024-06-24,2862.9171,632.75,165,1,Monday,June,16,0.0,0.0,0.0,0.0,0.0,0.0
872,2024-06-25,2816.0729,714.96,219,1,Tuesday,June,10,0.0,0.0,0.0,0.0,0.0,0.0
873,2024-06-26,3077.8736,638.9,183,1,Wednesday,June,13,0.0,1.0,152.0,1.0,29.0,1.0
874,2024-06-27,2645.1627,632.53,254,1,Thursday,June,10,0.0,0.0,836.0,1.0,0.0,0.0
875,2024-06-28,2248.2199,630.84,106,1,Friday,June,12,0.0,0.0,0.0,0.0,0.0,0.0
876,2024-06-29,1682.3428,628.93,291,1,Saturday,June,1,0.0,0.0,0.0,0.0,0.0,0.0
877,2024-06-30,1996.8753,654.37,170,1,Sunday,June,4,0.0,0.0,0.0,0.0,0.0,0.0
878,2024-07-01,2273.0388,608.85,235,0,Monday,July,13,0.0,0.0,0.0,0.0,0.0,0.0
879,2024-07-02,2392.3463,652.9,148,0,Tuesday,July,13,0.0,0.0,0.0,0.0,0.0,0.0
880,2024-07-03,2246.8454,651.41,300,0,Wednesday,July,14,0.0,0.0,0.0,0.0,0.0,0.0
881,2024-07-04,1535.0139,662.57,122,0,Thursday,July,6,0.0,0.0,0.0,0.0,0.0,0.0
882,2024-07-05,1932.1817,642.87,267,0,Friday,July,9,0.0,0.0,0.0,0.0,0.0,0.0
883,2024-07-06,1497.5167,678.13,211,0,Saturday,July,5,0.0,0.0,0.0,0.0,0.0,0.0
884,2024-07-07,1566.3618,676.86,139,0,Sunday,July,6,0.0,0.0,0.0,0.0,0.0,0.0
885,2024-07-08,3225.5422,670.89,285,0,Monday,July,24,0.0,0.0,235.5,2.0,0.0,0.0
886,2024-07-09,3639.8658,691.35,163,0,Tuesday,July,27,0.0,1.0,185.0,1.0,39.5,2.0
887,2024-07-10,3603.439,639.8,227,0,Wednesday,July,22,1.0,1.0,0.0,0.0,48.0,1.0
888,2024-07-11,3395.1893,627.99,186,0,Thursday,July,15,1.0,1.0,79.0,1.0,0.0,0.0
889,2024-07-12,3631.8261,622.99,259,0,Friday,July,9,0.0,0.0,51.0,1.0,0.0,0.0
890,2024-07-13,2503.3555,622.46,109,0,Saturday,July,7,0.0,0.0,0.0,0.0,0.0,0.0
891,2024-07-14,3094.5645,665.51,296,0,Sunday,July,8,0.0,0.0,0.0,0.0,0.0,0.0
892,2024-07-15,4481.7421,621.78,178,0,Monday,July,18,0.0,0.0,41.5,2.0,0.0,0.0
893,2024-07-16,4356.9015,616.51,242,0,Tuesday,July,13,0.0,0.0,137.0,2.0,0.0,0.0
894,2024-07-17,4575.473,642.02,150,0,Wednesday,July,18,0.0,0.0,90.0,1.0,0.0,0.0
895,2024-07-18,4361.9425,616.75,281,0,Thursday,July,12,0.0,0.0,0.0,0.0,0.0,0.0
896,2024-07-19,3863.1074,606.22,125,0,Friday,July,12,0.0,0.0,0.0,0.0,0.0,0.0
897,2024-07-20,3328.6765,616.4,269,0,Saturday,July,10,0.0,0.0,0.0,0.0,0.0,0.0
898,2024-07-21,3194.5008,705.22,203,0,Sunday,July,6,0.0,0.0,0.0,0.0,0.0,0.0
899,2024-07-22,3483.3054,612.25,131,0,Monday,July,11,0.0,0.0,95.0,1.0,0.0,0.0
900,2024-07-23,3241.354,617.78,292,0,Tuesday,July,13,0.0,0.0,0.0,0.0,0.0,0.0
901,2024-07-24,3218.8132,633.98,167,0,Wednesday,July,18,0.0,0.0,40.0,1.0,0.0,0.0
902,2024-07-25,2921.4539,652.07,214,0,Thursday,July,19,0.0,0.0,91.0,2.0,0.0,0.0
903,2024-07-26,2690.5484,603.67,180,0,Friday,July,15,0.0,0.0,0.0,0.0,0.0,0.0
904,2024-07-27,2740.4343,624.47,256,0,Saturday,July,6,0.0,0.0,0.0,0.0,0.0,0.0
905,2024-07-28,2605.2012,680.87,104,0,Sunday,July,8,0.0,0.0,0.0,0.0,0.0,0.0
906,2024-07-29,3234.1842,638.97,289,0,Monday,July,14,0.0,0.0,0.0,0.0,31.0,1.0
907,2024-07-30,2625.4684,631.38,172,0,Tuesday,July,12,0.0,0.0,0.0,0.0,0.0,0.0
908,2024-07-31,2621.9003,693.41,238,0,Wednesday,July,13,2.0,1.0,156.5,2.0,0.0,0.0
909,2024-08-01,2766.4917,664.79,145,0,Thursday,August,15,0.0,0.0,0.0,0.0,0.0,0.0
910,2024-08-02,1993.0306,655.69,298,0,Friday,August,16,0.0,0.0,0.0,0.0,0.0,0.0
911,2024-08-03,2100.0906,625.7,119,0,Saturday,August,7,0.0,0.0,0.0,0.0,0.0,0.0
912,2024-08-04,2332.6416,643.96,261,0,Sunday,August,8,0.0,0.0,0.0,0.0,0.0,0.0
913,2024-08-05,2598.4721,657.31,207,0,Monday,August,17,0.0,0.0,119.0,1.0,0.0,0.0
914,2024-08-06,2500.9943,655.54,136,0,Tuesday,August,13,0.0,0.0,0.0,0.0,0.0,0.0
915,2024-08-07,2846.6974,642.07,283,0,Wednesday,August,8,0.0,0.0,126.0,1.0,0.0,0.0
916,2024-08-08,2510.5001,625.97,159,0,Thursday,August,16,0.0,0.0,0.0,0.0,0.0,0.0
917,2024-08-09,2603.1418,637.62,222,0,Friday,August,15,0.0,0.0,0.0,0.0,0.0,0.0
918,2024-08-10,2508.2368,656.68,175,0,Saturday,August,12,0.0,0.0,0.0,0.0,0.0,0.0
919,2024-08-11,2794.6784,678.98,251,0,Sunday,August,10,0.0,0.0,0.0,0.0,0.0,0.0
920,2024-08-12,3500.2757,615.78,107,0,Monday,August,17,0.0,0.0,80.5,2.0,0.0,0.0
921,2024-08-13,3556.1466,668.83,294,0,Tuesday,August,19,0.0,0.0,78.0,4.0,0.0,0.0
922,2024-08-14,3823.8179,692.02,168,0,Wednesday,August,21,0.0,0.0,105.0,1.0,0.0,0.0
923,2024-08-15,3495.781,534.04,230,0,Thursday,August,23,0.0,0.0,0.0,0.0,0.0,0.0
924,2024-08-16,3148.4393,530.76,142,0,Friday,August,16,0.0,0.0,0.0,0.0,0.0,0.0
925,2024-08-17,2708.198,674.67,287,0,Saturday,August,10,0.0,0.0,0.0,0.0,0.0,0.0
926,2024-08-18,2379.9498,668.64,113,0,Sunday,August,10,0.0,0.0,0.0,0.0,0.0,0.0
927,2024-08-19,3858.8443,644.9,201,0,Monday,August,32,0.0,0.0,0.0,0.0,0.0,0.0
928,2024-08-20,3980.6539,656.2,276,0,Tuesday,August,18,0.0,0.0,0.0,0.0,0.0,0.0
929,2024-08-21,3596.8759,640.04,189,0,Wednesday,August,19,0.0,0.0,0.0,0.0,0.0,0.0
930,2024-08-22,3445.9797,647.43,128,0,Thursday,August,22,0.0,0.0,44.0,1.0,0.0,0.0
931,2024-08-23,3640.2923,634.32,299,0,Friday,August,14,0.0,0.0,0.0,0.0,0.0,0.0
932,2024-08-24,3103.2332,658.96,154,0,Saturday,August,10,0.0,0.0,0.0,0.0,0.0,0.0
933,2024-08-25,2815.242,674.04,217,0,Sunday,August,13,0.0,0.0,0.0,0.0,0.0,0.0
934,2024-08-26,3333.3827,658.33,265,0,Monday,August,18,0.0,0.0,134.5,2.0,0.0,0.0
935,2024-08-27,3220.443,690.27,182,0,Tuesday,August,25,0.0,0.0,48.0,1.0,0.0,0.0
936,2024-08-28,2787.8975,666.56,273,0,Wednesday,August,21,0.0,0.0,0.0,0.0,0.0,0.0
937,2024-08-29,2931.2105,656.68,100,0,Thursday,August,23,0.0,0.0,55.0,2.0,0.0,0.0
938,2024-08-30,2652.1819,601.27,162,0,Friday,August,16,0.0,0.0,0.0,0.0,0.0,0.0
